factura_id,sucursal_id,ciudad_id,cliente_id,genero_id,linea_de_producto_id,metodo_de_pago_id,precio_unitario,cantidad,tax,total,fechas,costos_directos,ingreso_bruto,calificacion
750-67-8428,1,3,1,2,4,3,74.69,7,261.415,5489.715,2019-5-1 13:08:00,522.83,261.415,9.1
226-31-3081,3,2,2,2,1,1,15.28,5,3.82,80.22,2019-8-3 10:29:00,76.4,3.82,9.6
631-41-3108,1,3,2,1,5,2,46.33,7,162.155,3405.255,2019-3-3 13:23:00,324.31,162.155,7.4
123-19-1176,1,3,1,1,4,3,58.22,8,23.288,489.048,2019-1-27 20:33:00,465.76,23.288,8.4
373-73-7910,1,3,2,1,6,3,86.31,7,302.085,6343.785,2019-8-2 10:37:00,604.17,302.085,5.3
699-14-3026,3,2,2,1,1,3,85.39,7,298.865,6276.165,2019-3-25 18:30:00,597.73,298.865,4.1
355-53-5943,1,3,1,2,1,3,68.84,6,20.652,433.692,2019-2-25 14:36:00,413.04,20.652,5.8
315-22-5665,3,2,2,2,5,3,73.56,10,36.78,772.38,2019-2-24 11:38:00,735.6,36.78,8.0
665-32-9167,1,3,1,2,4,2,36.26,2,3.626,76.146,2019-10-1 17:15:00,72.52,3.626,7.2
692-92-5582,2,1,1,2,3,2,54.84,3,8.226,172.746,2019-2-20 13:27:00,164.52,8.226,5.9
351-62-0822,2,1,1,2,2,3,14.48,4,2.896,60.816,2019-6-2 18:07:00,57.92,2.896,4.5
529-56-3974,2,1,1,1,1,1,25.51,4,5.102,107.142,2019-9-3 17:03:00,102.04,5.102,6.8
365-64-0515,1,3,2,2,1,3,46.95,5,117.375,2464.875,2019-12-2 10:25:00,234.75,117.375,7.1
252-56-2699,1,3,2,1,3,3,43.19,10,21.595,453.495,2019-7-2 16:48:00,431.9,21.595,8.2
829-34-3910,1,3,2,2,4,1,71.38,10,35.69,749.49,2019-3-29 19:21:00,713.8,35.69,5.7
299-46-1805,2,1,1,2,6,1,93.72,6,28.116,590.436,2019-1-15 16:19:00,562.32,28.116,4.5
656-95-9349,1,3,1,2,4,2,68.93,7,241.255,5066.355,2019-11-3 11:03:00,482.51,241.255,4.6
765-26-6951,1,3,2,1,6,2,72.61,6,21.783,457.443,2019-1-1 10:39:00,435.66,21.783,6.9
329-62-1586,1,3,2,1,3,2,54.67,3,82.005,1722.105,2019-1-21 18:00:00,164.01,82.005,8.6
319-50-3348,2,1,2,2,5,3,40.3,2,4.03,84.63,2019-11-3 15:30:00,80.6,4.03,4.4
300-71-4605,3,2,1,1,1,3,86.04,5,21.51,451.71,2019-2-25 11:24:00,430.2,21.51,4.8
371-85-5789,2,1,2,1,4,3,87.98,3,13.197,277.137,2019-5-3 10:40:00,263.94,13.197,5.1
273-16-6619,2,1,2,1,5,2,33.2,2,3.32,69.72,2019-3-15 12:20:00,66.4,3.32,4.4
636-48-8204,1,3,2,1,1,3,34.56,5,8.64,181.44,2019-2-17 11:15:00,172.8,8.64,9.9
549-59-1358,1,3,1,1,6,3,88.63,3,132.945,2791.845,2019-2-3 17:36:00,265.89,132.945,6.0
227-03-5010,1,3,1,2,5,2,52.59,8,21.036,441.756,2019-3-22 19:20:00,420.72,21.036,8.5
649-29-6775,2,1,2,1,2,1,33.52,1,1.676,35.196,2019-8-2 15:31:00,33.52,1.676,6.7
189-17-4241,1,3,2,2,2,2,87.67,2,8.767,184.107,2019-10-3 12:17:00,175.34,8.767,7.7
145-94-9061,2,1,2,2,3,1,88.36,5,22.09,463.89,2019-1-25 19:48:00,441.8,22.09,9.6
848-62-7243,1,3,2,1,4,1,24.89,9,112.005,2352.105,2019-3-15 15:36:00,224.01,112.005,7.4
871-79-8483,2,1,2,1,2,2,94.13,5,235.325,4941.825,2019-2-25 19:39:00,470.65,235.325,4.8
149-71-6266,2,1,1,1,6,1,78.07,9,351.315,7377.615,2019-1-28 12:43:00,702.63,351.315,4.5
640-49-2076,2,1,2,1,6,1,83.78,8,33.512,703.752,2019-10-1 14:49:00,670.24,33.512,5.1
595-11-5460,1,3,2,1,4,2,96.58,2,9.658,202.818,2019-3-15 10:12:00,193.16,9.658,5.1
183-56-6882,3,2,1,2,3,3,99.42,4,19.884,417.564,2019-6-2 10:42:00,397.68,19.884,7.5
232-16-2483,3,2,1,2,6,3,68.12,1,3.406,71.526,2019-7-1 12:28:00,68.12,3.406,6.8
129-29-8530,1,3,1,1,6,3,62.62,5,15.655,328.755,2019-10-3 19:15:00,313.1,15.655,7.0
272-65-1806,1,3,2,2,1,3,60.88,9,27.396,575.316,2019-1-15 17:17:00,547.92,27.396,4.7
333-73-7901,3,2,2,2,4,3,54.92,8,21.968,461.328,2019-3-23 13:24:00,439.36,21.968,7.6
777-82-7220,2,1,1,1,5,1,30.12,8,12.048,253.008,2019-3-3 13:01:00,240.96,12.048,7.7
280-35-5823,2,1,1,2,5,3,86.72,1,4.336,91.056,2019-1-17 18:45:00,86.72,4.336,7.9
554-53-8700,3,2,1,1,5,1,56.11,2,5.611,117.831,2019-2-2 10:11:00,112.22,5.611,6.3
354-25-5821,2,1,1,2,6,1,69.12,6,20.736,435.456,2019-8-2 13:03:00,414.72,20.736,5.6
228-96-1411,3,2,1,2,3,1,98.7,8,39.48,829.08,2019-4-3 20:39:00,789.6,39.48,7.6
617-15-4209,3,2,1,1,4,1,15.37,2,1.537,32.277,2019-3-16 19:47:00,30.74,1.537,7.2
132-32-9879,2,1,1,2,1,1,93.96,4,18.792,394.632,2019-9-3 18:00:00,375.84,18.792,9.5
370-41-7321,2,1,1,1,4,2,56.69,9,255.105,5357.205,2019-2-27 17:24:00,510.21,255.105,8.4
727-46-3608,2,1,1,2,3,3,20.01,9,90.045,1890.945,2019-6-2 15:47:00,180.09,90.045,4.1
669-54-1719,2,1,1,1,1,2,18.93,6,5.679,119.259,2019-10-2 12:45:00,113.58,5.679,8.1
574-22-5561,3,2,1,2,2,3,82.63,10,41.315,867.615,2019-3-19 17:08:00,826.3,41.315,7.9
326-78-5178,3,2,1,1,3,1,91.4,7,31.99,671.79,2019-3-2 10:19:00,639.8,31.99,9.5
162-48-8011,1,3,1,2,3,1,44.59,5,111.475,2340.975,2019-10-2 15:10:00,222.95,111.475,8.5
616-24-2851,2,1,1,2,2,3,17.87,4,3.574,75.054,2019-3-22 14:42:00,71.48,3.574,6.5
778-71-5554,3,2,1,1,2,2,15.43,1,0.7715,162.015,2019-1-25 15:46:00,15.43,0.7715,6.1
242-55-6721,2,1,2,1,5,3,16.16,2,1.616,33.936,2019-7-3 11:49:00,32.32,1.616,6.5
399-46-5918,3,2,2,2,1,1,85.98,8,34.392,722.232,2019-2-28 19:01:00,687.84,34.392,8.2
106-35-6779,1,3,1,1,5,1,44.34,2,4.434,93.114,2019-3-27 11:26:00,88.68,4.434,5.8
635-40-6220,1,3,2,1,4,3,89.6,8,35.84,752.64,2019-7-2 11:28:00,716.8,35.84,6.6
817-48-8732,1,3,1,2,5,1,72.35,10,36.175,759.675,2019-1-20 15:55:00,723.5,36.175,5.4
120-06-4233,3,2,2,1,1,1,30.61,6,9.183,192.843,2019-12-3 20:36:00,183.66,9.183,9.3
285-68-5083,3,2,1,2,6,2,24.74,3,3.711,77.931,2019-2-15 17:47:00,74.22,3.711,10.0
803-83-5989,3,2,2,1,5,3,55.73,6,16.719,351.099,2019-2-24 10:55:00,334.38,16.719,7.0
347-34-2234,2,1,1,2,6,3,55.07,9,247.815,5204.115,2019-3-2 13:40:00,495.63,247.815,10.0
199-75-8169,1,3,1,1,6,2,15.81,10,7.905,166.005,2019-6-3 12:27:00,158.1,7.905,8.6
853-23-2453,2,1,1,1,4,1,75.74,4,15.148,318.108,2019-2-14 14:35:00,302.96,15.148,7.6
877-22-3308,1,3,1,1,4,1,15.87,10,7.935,166.635,2019-3-13 16:40:00,158.7,7.935,5.8
838-78-4295,3,2,2,2,4,3,33.47,2,3.347,70.287,2019-10-2 15:43:00,66.94,3.347,6.7
109-28-2512,2,1,1,2,2,3,97.61,6,29.283,614.943,2019-7-1 15:01:00,585.66,29.283,9.9
232-11-3025,1,3,2,1,6,1,78.77,10,39.385,827.085,2019-1-24 10:04:00,787.7,39.385,6.4
382-03-4532,1,3,1,2,4,1,18.33,1,0.9165,192.465,2019-2-2 18:50:00,18.33,0.9165,4.3
393-65-2792,3,2,2,1,3,2,89.48,10,44.74,939.54,2019-6-1 12:46:00,894.8,44.74,9.6
796-12-2025,3,2,2,1,2,1,62.12,10,31.06,652.26,2019-11-2 16:19:00,621.2,31.06,5.9
510-95-6347,2,1,1,2,3,3,48.52,3,7.278,152.838,2019-5-3 18:17:00,145.56,7.278,4.0
841-35-6630,3,2,2,2,1,1,75.91,6,22.773,478.233,2019-9-3 18:21:00,455.46,22.773,8.7
287-21-9091,1,3,2,1,5,3,74.67,9,336.015,7056.315,2019-1-22 10:55:00,672.03,336.015,9.4
732-94-0499,3,2,2,2,1,2,41.65,10,20.825,437.325,2019-1-13 17:04:00,416.5,20.825,5.4
263-10-3913,3,2,1,1,2,2,49.04,9,22.068,463.428,2019-9-1 14:20:00,441.36,22.068,8.6
381-20-0914,1,3,1,2,2,2,20.01,9,90.045,1890.945,2019-12-1 15:48:00,180.09,90.045,5.7
829-49-1914,3,2,1,2,3,3,78.31,10,39.155,822.255,2019-5-3 16:24:00,783.1,39.155,6.6
756-01-7507,3,2,2,2,4,1,20.38,5,5.095,106.995,2019-1-22 18:56:00,101.9,5.095,6.0
870-72-4431,3,2,2,2,4,2,99.19,6,29.757,624.897,2019-1-21 14:42:00,595.14,29.757,5.5
847-38-7188,2,1,2,2,3,3,96.68,3,14.502,304.542,2019-1-26 19:56:00,290.04,14.502,6.4
480-63-2856,3,2,2,1,3,3,19.25,8,7.7,161.7,2019-1-23 18:37:00,154.0,7.7,6.6
787-56-0757,3,2,1,2,3,2,80.36,4,16.072,337.512,2019-2-23 18:45:00,321.44,16.072,8.3
360-39-5055,3,2,1,1,6,1,48.91,5,122.275,2567.775,2019-9-3 10:17:00,244.55,122.275,6.6
730-50-9884,3,2,2,2,6,3,83.06,7,29.071,610.491,2019-5-3 14:31:00,581.42,29.071,4.0
362-58-8315,3,2,2,1,2,1,76.52,5,19.13,401.73,2019-3-25 10:23:00,382.6,19.13,9.9
633-44-8566,1,3,1,1,3,2,49.38,7,17.283,362.943,2019-3-27 20:35:00,345.66,17.283,7.3
504-35-8843,1,3,2,1,6,1,42.47,1,21.235,445.935,2019-2-1 16:57:00,42.47,21.235,5.7
318-68-5053,2,1,2,2,4,1,76.99,6,23.097,485.037,2019-2-27 17:55:00,461.94,23.097,6.1
565-80-5980,3,2,1,2,5,1,47.38,4,9.476,198.996,2019-1-23 10:25:00,189.52,9.476,7.1
225-32-0908,3,2,2,2,6,3,44.86,10,22.43,471.03,2019-1-26 19:54:00,448.6,22.43,8.2
873-51-0671,1,3,1,2,6,3,21.98,7,7.693,161.553,2019-10-1 16:42:00,153.86,7.693,5.1
152-08-9985,2,1,1,1,4,2,64.36,9,28.962,608.202,2019-12-3 12:09:00,579.24,28.962,8.6
512-91-0811,3,2,2,1,4,2,89.75,1,44.875,942.375,2019-6-2 20:05:00,89.75,44.875,6.6
594-34-4444,1,3,2,1,1,3,97.16,1,4.858,102.018,2019-8-3 20:38:00,97.16,4.858,7.2
766-85-7061,2,1,2,1,4,3,87.87,10,43.935,922.635,2019-3-29 10:25:00,878.7,43.935,5.1
871-39-9221,3,2,2,2,1,1,12.45,6,3.735,78.435,2019-9-2 13:11:00,74.7,3.735,4.1
865-92-6136,1,3,2,1,3,3,52.75,3,79.125,1661.625,2019-3-23 10:16:00,158.25,79.125,9.3
733-01-9107,2,1,2,1,5,1,82.7,6,24.81,521.01,2019-5-3 18:14:00,496.2,24.81,7.4
163-56-7055,3,2,1,1,2,1,48.71,1,24.355,511.455,2019-3-26 19:20:00,48.71,24.355,4.1
189-98-2939,3,2,2,1,2,1,78.55,9,353.475,7422.975,2019-1-3 13:22:00,706.95,353.475,7.2
551-21-3069,3,2,2,2,1,1,23.07,9,103.815,2180.115,2019-1-2 11:27:00,207.63,103.815,4.9
212-62-1842,1,3,2,1,3,1,58.26,6,17.478,367.038,2019-3-28 16:44:00,349.56,17.478,9.9
716-39-1409,2,1,2,1,4,1,30.35,7,106.225,2230.725,2019-3-19 18:19:00,212.45,106.225,8.0
704-48-3927,1,3,1,1,1,3,88.67,10,44.335,931.035,2019-12-1 14:50:00,886.7,44.335,7.3
628-34-3388,3,2,2,1,2,2,27.38,6,8.214,172.494,2019-5-1 20:54:00,164.28,8.214,7.9
630-74-5166,1,3,2,1,6,1,62.13,6,18.639,391.419,2019-3-22 20:19:00,372.78,18.639,7.4
588-01-7461,3,2,2,2,3,1,33.98,9,15.291,321.111,2019-3-24 10:43:00,305.82,15.291,4.2
861-77-0145,3,2,1,1,1,1,81.97,10,40.985,860.685,2019-3-3 14:30:00,819.7,40.985,9.2
479-26-8945,2,1,1,2,6,3,16.49,2,1.649,34.629,2019-5-2 11:32:00,32.98,1.649,4.6
210-67-5886,3,2,1,2,4,2,98.21,3,147.315,3093.615,2019-5-2 10:41:00,294.63,147.315,7.8
227-78-1148,2,1,2,2,2,1,72.84,7,25.494,535.374,2019-2-15 12:44:00,509.88,25.494,8.4
645-44-1170,1,3,1,1,5,3,58.07,9,261.315,5487.615,2019-1-19 20:07:00,522.63,261.315,4.3
237-01-6122,3,2,1,2,5,2,80.79,9,363.555,7634.655,2019-1-2 20:31:00,727.11,363.555,9.5
225-98-1496,3,2,2,2,2,2,27.02,3,4.053,85.113,2019-2-3 13:01:00,81.06,4.053,7.1
291-32-1427,2,1,1,1,2,3,21.94,5,5.485,115.185,2019-5-3 12:29:00,109.7,5.485,5.3
659-65-8956,2,1,1,1,2,3,51.36,1,2.568,53.928,2019-1-16 15:26:00,51.36,2.568,5.2
642-32-2990,1,3,2,2,3,3,10.96,10,5.48,115.08,2019-2-2 20:48:00,109.6,5.48,6.0
378-24-2715,2,1,2,1,5,3,53.44,2,5.344,112.224,2019-1-20 20:38:00,106.88,5.344,4.1
638-60-7125,1,3,2,2,1,2,99.56,8,39.824,836.304,2019-2-14 17:03:00,796.48,39.824,5.2
659-36-1684,3,2,1,1,6,2,57.12,7,19.992,419.832,2019-12-1 12:02:00,399.84,19.992,6.5
219-22-9386,2,1,1,1,6,2,99.96,9,44.982,944.622,2019-9-3 17:26:00,899.64,44.982,4.2
336-78-2147,3,2,1,1,5,2,63.91,8,25.564,536.844,2019-3-13 19:52:00,511.28,25.564,4.6
268-27-6179,2,1,1,2,2,3,56.47,8,22.588,474.348,2019-9-3 14:57:00,451.76,22.588,7.3
668-90-8900,1,3,2,2,5,2,93.69,7,327.915,6886.215,2019-10-3 18:44:00,655.83,327.915,4.5
870-54-3162,1,3,2,2,6,1,32.25,5,80.625,1693.125,2019-1-27 13:26:00,161.25,80.625,9.0
189-08-9157,3,2,2,2,2,2,31.73,9,142.785,2998.485,2019-8-1 16:17:00,285.57,142.785,5.9
663-86-9076,3,2,1,2,3,3,68.54,8,27.416,575.736,2019-8-1 15:57:00,548.32,27.416,8.5
549-84-7482,2,1,2,2,6,3,90.28,9,40.626,853.146,2019-8-2 11:15:00,812.52,40.626,7.2
191-10-6171,2,1,2,2,2,1,39.62,7,13.867,291.207,2019-1-25 13:18:00,277.34,13.867,7.5
802-70-5316,1,3,1,2,6,1,92.13,6,27.639,580.419,2019-6-3 20:34:00,552.78,27.639,8.3
695-51-0018,2,1,2,2,6,1,34.84,4,6.968,146.328,2019-10-2 18:36:00,139.36,6.968,7.4
590-83-4591,2,1,1,1,1,2,87.45,6,26.235,550.935,2019-2-17 14:40:00,524.7,26.235,8.8
483-71-1164,3,2,2,2,4,3,81.3,6,24.39,512.19,2019-8-3 16:43:00,487.8,24.39,5.3
597-78-7908,3,2,2,1,2,1,90.22,3,13.533,284.193,2019-2-18 19:39:00,270.66,13.533,6.2
700-81-1757,1,3,2,2,1,2,26.31,5,65.775,1381.275,2019-1-18 20:59:00,131.55,65.775,8.8
354-39-5160,1,3,1,2,5,1,34.42,6,10.326,216.846,2019-2-18 15:39:00,206.52,10.326,9.8
241-72-9525,2,1,2,1,6,1,51.91,10,25.955,545.055,2019-2-16 12:21:00,519.1,25.955,8.2
575-30-8091,1,3,2,1,6,3,72.5,8,29.0,609,2019-3-16 19:25:00,580.0,29.0,9.2
731-81-9469,3,2,1,2,6,2,89.8,10,44.9,942.9,2019-1-23 13:00:00,898.0,44.9,5.4
280-17-4359,3,2,1,1,4,1,90.5,10,45.25,950.25,2019-1-25 13:48:00,905.0,45.25,8.1
338-65-2210,3,2,1,2,4,1,68.6,10,34.3,720.3,2019-5-2 19:57:00,686.0,34.3,9.1
488-25-4221,3,2,1,2,3,2,30.41,1,15.205,319.305,2019-2-22 10:36:00,30.41,15.205,8.4
239-10-7476,1,3,2,2,5,3,77.95,6,23.385,491.085,2019-1-21 16:37:00,467.7,23.385,8.0
458-41-1477,3,2,2,2,4,2,46.26,6,13.878,291.438,2019-8-3 17:11:00,277.56,13.878,9.5
685-64-1609,1,3,1,2,2,3,30.14,10,15.07,316.47,2019-10-2 12:28:00,301.4,15.07,9.2
568-90-5112,3,2,2,1,4,2,66.14,4,13.228,277.788,2019-3-19 12:46:00,264.56,13.228,5.6
262-47-2794,2,1,1,1,5,2,71.86,8,28.744,603.624,2019-6-3 15:07:00,574.88,28.744,6.2
238-49-0436,1,3,2,1,4,2,32.46,8,12.984,272.664,2019-3-27 13:48:00,259.68,12.984,4.9
608-96-3517,2,1,1,2,2,2,91.54,4,18.308,384.468,2019-3-23 19:20:00,366.16,18.308,4.8
584-86-7256,3,2,1,1,6,2,34.56,7,12.096,254.016,2019-11-3 16:07:00,241.92,12.096,7.3
746-94-0204,1,3,2,1,2,2,83.24,9,37.458,786.618,2019-1-29 11:56:00,749.16,37.458,7.4
214-17-6927,3,2,2,2,3,3,16.48,6,4.944,103.824,2019-7-2 18:23:00,98.88,4.944,9.9
400-89-4171,3,2,2,2,6,1,80.97,8,32.388,680.148,2019-1-28 13:05:00,647.76,32.388,9.3
782-95-9291,1,3,1,1,3,2,92.29,5,230.725,4845.225,2019-2-20 15:55:00,461.45,230.725,9.0
279-74-2924,2,1,1,1,1,1,72.17,1,36.085,757.785,2019-4-1 19:40:00,72.17,36.085,6.1
307-85-2293,2,1,2,1,5,3,50.28,5,12.57,263.97,2019-7-3 13:58:00,251.4,12.57,9.7
743-04-1105,2,1,1,1,4,3,97.22,9,43.749,918.729,2019-3-30 14:43:00,874.98,43.749,6.0
423-57-2993,2,1,2,1,6,3,93.39,6,28.017,588.357,2019-3-27 19:18:00,560.34,28.017,10.0
894-41-5205,3,2,2,2,3,2,43.18,8,17.272,362.712,2019-1-19 19:39:00,345.44,17.272,8.3
275-28-0149,1,3,2,1,6,1,63.69,1,31.845,668.745,2019-2-25 16:21:00,63.69,31.845,6.0
101-17-6199,1,3,2,1,3,2,45.79,7,160.265,3365.565,2019-3-13 19:44:00,320.53,160.265,7.0
423-80-0988,3,2,2,1,6,3,76.4,2,7.64,160.44,2019-1-30 19:42:00,152.8,7.64,6.5
548-46-9322,2,1,2,1,3,2,39.9,10,19.95,418.95,2019-2-20 15:24:00,399.0,19.95,5.9
505-02-0892,2,1,1,1,4,3,42.57,8,17.028,357.588,2019-2-25 14:12:00,340.56,17.028,5.6
234-65-2137,3,2,2,1,5,1,95.58,10,47.79,1003.59,2019-1-16 13:32:00,955.8,47.79,4.8
687-47-8271,1,3,2,1,2,2,98.98,10,49.49,1039.29,2019-8-2 16:20:00,989.8,49.49,8.7
796-32-9050,1,3,2,1,3,1,51.28,6,15.384,323.064,2019-1-19 16:31:00,307.68,15.384,6.5
105-31-1824,1,3,1,1,6,2,69.52,7,24.332,510.972,2019-1-2 15:10:00,486.64,24.332,8.5
249-42-3782,1,3,2,1,4,3,70.01,5,175.025,3675.525,2019-3-1 11:36:00,350.05,175.025,5.5
316-55-4634,2,1,1,1,3,2,80.05,5,200.125,4202.625,2019-1-26 12:45:00,400.25,200.125,9.4
733-33-4967,3,2,2,1,1,1,20.85,8,8.34,175.14,2019-3-3 19:17:00,166.8,8.34,6.3
608-27-6295,2,1,1,1,1,2,52.89,6,15.867,333.207,2019-1-19 17:34:00,317.34,15.867,9.8
414-12-7047,2,1,2,1,3,3,19.79,8,7.916,166.236,2019-1-18 12:04:00,158.32,7.916,8.7
827-26-2100,1,3,1,1,5,3,33.84,9,15.228,319.788,2019-3-21 16:21:00,304.56,15.228,8.8
175-54-2529,1,3,1,1,3,2,22.17,8,8.868,186.228,2019-3-3 17:01:00,177.36,8.868,9.6
139-52-2867,3,2,2,2,2,2,22.51,7,78.785,1654.485,2019-2-13 10:50:00,157.57,78.785,4.8
407-63-8975,1,3,2,1,3,3,73.88,6,22.164,465.444,2019-3-23 19:16:00,443.28,22.164,4.4
342-65-4817,3,2,1,1,4,3,86.8,3,13.02,273.42,2019-1-28 16:47:00,260.4,13.02,9.9
130-98-8941,3,2,2,1,2,1,64.26,7,22.491,472.311,2019-9-2 10:00:00,449.82,22.491,5.7
434-83-9547,3,2,1,1,3,1,38.47,8,15.388,323.148,2019-1-23 11:51:00,307.76,15.388,7.7
851-28-6367,1,3,1,1,6,3,15.5,10,7.75,162.75,2019-3-23 10:55:00,155.0,7.75,8.0
824-88-3614,3,2,2,1,4,3,34.31,8,13.724,288.204,2019-1-25 15:00:00,274.48,13.724,5.7
586-25-0848,1,3,2,2,6,2,12.34,7,4.319,90.699,2019-4-3 11:19:00,86.38,4.319,6.7
895-66-0685,2,1,1,1,3,3,18.08,3,2.712,56.952,2019-5-3 19:46:00,54.24,2.712,8.0
305-14-0245,2,1,1,2,5,3,94.49,8,37.796,793.716,2019-3-3 19:00:00,755.92,37.796,7.5
732-04-5373,2,1,1,1,5,1,46.47,4,9.294,195.174,2019-8-2 10:53:00,185.88,9.294,7.0
400-60-7251,1,3,2,1,5,3,74.07,1,37.035,777.735,2019-10-2 12:50:00,74.07,37.035,9.9
593-65-1552,3,2,2,2,5,2,69.81,4,13.962,293.202,2019-1-28 20:50:00,279.24,13.962,5.9
284-34-9626,2,1,2,2,5,2,77.04,3,11.556,242.676,2019-11-2 10:39:00,231.12,11.556,7.2
437-58-8131,2,1,2,2,2,3,73.52,2,7.352,154.392,2019-1-15 13:41:00,147.04,7.352,4.6
286-43-6208,3,2,2,2,3,1,87.8,9,39.51,829.71,2019-3-16 19:08:00,790.2,39.51,9.2
641-43-2399,2,1,2,1,5,3,25.55,4,5.11,107.31,2019-1-26 20:23:00,102.2,5.11,5.7
831-07-6050,1,3,2,1,1,2,32.71,5,81.775,1717.275,2019-3-19 11:30:00,163.55,81.775,9.9
556-86-3144,3,2,1,2,2,1,74.29,1,37.145,780.045,2019-1-13 19:30:00,74.29,37.145,5.0
848-24-9445,3,2,1,1,4,1,43.7,2,4.37,91.77,2019-3-26 18:03:00,87.4,4.37,4.9
856-22-8149,1,3,2,2,5,3,25.29,1,12.645,265.545,2019-3-23 10:13:00,25.29,12.645,6.1
699-01-4164,3,2,2,1,4,2,41.5,4,8.3,174.3,2019-12-3 19:58:00,166.0,8.3,8.2
420-11-4919,3,2,1,2,3,2,71.39,5,178.475,3747.975,2019-2-17 19:57:00,356.95,178.475,5.5
606-80-4905,3,2,1,2,6,2,19.15,6,5.745,120.645,2019-1-29 10:01:00,114.9,5.745,6.8
542-41-0513,2,1,1,2,1,1,57.49,4,11.498,241.458,2019-3-15 11:57:00,229.96,11.498,6.6
426-39-2418,3,2,2,1,1,1,61.41,7,214.935,4513.635,2019-1-14 10:02:00,429.87,214.935,9.8
875-46-5808,2,1,1,1,4,3,25.9,10,12.95,271.95,2019-6-2 14:51:00,259.0,12.95,8.7
394-43-4238,2,1,1,1,5,2,17.77,5,44.425,932.925,2019-2-15 12:42:00,88.85,44.425,5.4
749-24-1565,1,3,2,2,4,3,23.03,9,103.635,2176.335,2019-3-1 12:02:00,207.27,103.635,7.9
672-51-8681,3,2,1,2,1,2,66.65,9,299.925,6298.425,2019-4-1 18:19:00,599.85,299.925,9.7
263-87-5680,3,2,1,2,5,3,28.53,10,14.265,299.565,2019-3-18 17:38:00,285.3,14.265,7.8
573-58-9734,2,1,2,2,2,3,30.37,3,45.555,956.655,2019-3-28 13:41:00,91.11,45.555,5.1
817-69-8206,2,1,2,2,1,2,99.73,9,448.785,9424.485,2019-2-3 19:42:00,897.57,448.785,6.5
888-02-0338,1,3,2,1,1,3,26.23,9,118.035,2478.735,2019-1-25 20:24:00,236.07,118.035,5.9
677-11-0152,3,2,2,2,3,1,93.26,9,41.967,881.307,2019-1-16 18:08:00,839.34,41.967,8.8
142-63-6033,2,1,2,1,5,3,92.36,5,23.09,484.89,2019-3-20 19:17:00,461.8,23.09,4.9
656-16-1063,2,1,2,1,6,2,46.42,3,6.963,146.223,2019-4-1 13:24:00,139.26,6.963,4.4
891-58-8335,2,1,1,2,6,1,29.61,7,103.635,2176.335,2019-11-3 15:53:00,207.27,103.635,6.5
802-43-8934,1,3,2,1,5,2,18.28,1,0.914,19.194,2019-3-22 15:05:00,18.28,0.914,8.3
560-30-5617,2,1,2,2,6,1,24.77,5,61.925,1300.425,2019-3-24 18:27:00,123.85,61.925,8.5
319-74-2561,1,3,1,2,1,1,94.64,3,14.196,298.116,2019-2-21 16:55:00,283.92,14.196,5.5
549-03-9315,2,1,2,1,2,3,94.87,8,37.948,796.908,2019-12-2 12:58:00,758.96,37.948,8.7
790-29-1172,2,1,2,2,3,2,57.34,3,8.601,180.621,2019-10-3 18:59:00,172.02,8.601,7.9
239-36-3640,2,1,2,1,1,3,45.35,6,13.605,285.705,2019-1-31 13:44:00,272.1,13.605,6.1
468-01-2051,2,1,2,1,3,3,62.08,7,21.728,456.288,2019-6-3 13:46:00,434.56,21.728,5.4
389-25-3394,3,2,2,1,1,1,11.81,5,29.525,620.025,2019-2-17 18:06:00,59.05,29.525,9.4
279-62-1445,3,2,1,2,2,1,12.54,1,0.627,13.167,2019-2-21 12:38:00,12.54,0.627,8.2
213-72-6612,1,3,2,1,3,1,43.25,2,4.325,90.825,2019-3-20 15:56:00,86.5,4.325,6.2
746-68-6593,3,2,1,2,6,2,87.16,2,8.716,183.036,2019-11-1 14:29:00,174.32,8.716,9.7
836-82-5858,2,1,1,1,4,3,69.37,9,312.165,6555.465,2019-1-26 19:14:00,624.33,312.165,4.0
583-72-1480,3,2,1,1,1,3,37.06,4,7.412,155.652,2019-1-31 16:24:00,148.24,7.412,9.7
466-61-5506,2,1,1,2,1,1,90.7,6,27.21,571.41,2019-2-26 10:52:00,544.2,27.21,5.3
721-86-6247,1,3,2,2,5,3,63.42,8,25.368,532.728,2019-11-3 12:55:00,507.36,25.368,7.4
289-65-5721,2,1,2,2,2,1,81.37,2,8.137,170.877,2019-1-26 19:28:00,162.74,8.137,6.5
545-46-3100,2,1,1,2,1,2,10.59,3,15.885,333.585,2019-12-3 13:52:00,31.77,15.885,8.7
418-02-5978,2,1,2,2,4,1,84.09,9,378.405,7946.505,2019-11-2 10:54:00,756.81,378.405,8.0
269-04-5750,2,1,1,1,2,1,73.82,4,14.764,310.044,2019-2-21 18:31:00,295.28,14.764,6.7
157-13-5295,1,3,1,1,4,3,51.94,10,25.97,545.37,2019-9-3 18:24:00,519.4,25.97,6.5
645-78-8093,1,3,2,2,6,3,93.14,2,9.314,195.594,2019-1-20 18:09:00,186.28,9.314,4.1
211-30-9270,3,2,2,1,4,2,17.41,5,43.525,914.025,2019-1-28 15:16:00,87.05,43.525,4.9
755-12-3214,3,2,1,2,2,2,44.22,5,11.055,232.155,2019-5-3 17:07:00,221.1,11.055,8.6
346-84-3103,2,1,1,2,1,1,13.22,5,3.305,69.405,2019-2-3 19:26:00,66.1,3.305,4.3
478-06-7835,1,3,2,1,2,3,89.69,1,44.845,941.745,2019-11-1 11:20:00,89.69,44.845,4.9
540-11-4336,1,3,2,1,3,2,24.94,9,11.223,235.683,2019-11-1 16:49:00,224.46,11.223,5.6
448-81-5016,1,3,2,1,4,2,59.77,2,5.977,125.517,2019-11-3 12:01:00,119.54,5.977,5.8
142-72-4741,3,2,1,1,2,2,93.2,2,9.32,195.72,2019-2-28 18:37:00,186.4,9.32,6.0
217-58-1179,1,3,1,1,5,1,62.65,4,12.53,263.13,2019-5-1 11:25:00,250.6,12.53,4.2
376-02-8238,2,1,2,1,5,2,93.87,8,37.548,788.508,2019-2-2 18:42:00,750.96,37.548,8.3
530-90-9855,1,3,1,1,5,1,47.59,8,19.036,399.756,2019-1-1 14:47:00,380.72,19.036,5.7
866-05-7563,2,1,1,2,1,1,81.4,3,12.21,256.41,2019-9-2 19:43:00,244.2,12.21,4.8
604-70-6476,1,3,1,1,2,3,17.94,5,4.485,94.185,2019-1-23 14:04:00,89.7,4.485,6.8
799-71-1548,1,3,1,1,1,2,77.72,4,15.544,326.424,2019-7-1 16:11:00,310.88,15.544,8.8
785-13-7708,2,1,2,1,3,2,73.06,7,25.571,536.991,2019-1-14 19:06:00,511.42,25.571,4.2
845-51-0542,2,1,1,1,3,3,46.55,9,209.475,4398.975,2019-2-2 15:34:00,418.95,209.475,6.4
662-47-5456,3,2,1,1,2,2,35.19,10,17.595,369.495,2019-3-17 19:06:00,351.9,17.595,8.4
883-17-4236,3,2,2,2,6,2,14.39,2,1.439,30.219,2019-2-3 19:44:00,28.78,1.439,7.2
290-68-2984,1,3,2,1,5,1,23.75,4,4.75,99.75,2019-3-16 11:22:00,95.0,4.75,5.2
704-11-6354,1,3,1,1,5,1,58.9,8,23.56,494.76,2019-6-1 11:23:00,471.2,23.56,8.9
110-48-7033,2,1,1,1,2,1,32.62,4,6.524,137.004,2019-1-29 14:12:00,130.48,6.524,9.0
366-93-0948,1,3,1,1,1,2,66.35,1,33.175,696.675,2019-1-31 10:46:00,66.35,33.175,9.7
729-09-9681,1,3,1,1,5,3,25.91,6,7.773,163.233,2019-5-2 10:16:00,155.46,7.773,8.7
151-16-1484,1,3,1,1,1,3,32.25,4,6.45,135.45,2019-2-13 12:38:00,129.0,6.45,6.5
380-94-4661,3,2,1,1,1,2,65.94,4,13.188,276.948,2019-7-2 13:05:00,263.76,13.188,6.9
850-41-9669,1,3,2,2,1,3,75.06,9,33.777,709.317,2019-3-19 13:25:00,675.54,33.777,6.2
821-07-3596,3,2,2,2,2,3,16.45,4,3.29,69.09,2019-7-3 14:53:00,65.8,3.29,5.6
655-85-5130,2,1,1,2,2,1,38.3,4,7.66,160.86,2019-3-13 19:22:00,153.2,7.66,5.7
447-15-7839,1,3,1,2,6,1,22.24,10,11.12,233.52,2019-9-2 11:00:00,222.4,11.12,4.2
154-74-7179,2,1,2,1,6,3,54.45,1,27.225,571.725,2019-2-26 19:24:00,54.45,27.225,7.9
253-12-6086,1,3,1,2,6,2,98.4,7,34.44,723.24,2019-12-3 12:43:00,688.8,34.44,8.7
808-65-0703,3,2,2,1,5,2,35.47,4,7.094,148.974,2019-3-14 17:22:00,141.88,7.094,6.9
571-94-0759,2,1,1,2,3,1,74.6,10,37.3,783.3,2019-8-1 20:55:00,746.0,37.3,9.5
144-51-6085,1,3,1,1,5,2,70.74,4,14.148,297.108,2019-5-1 16:05:00,282.96,14.148,4.4
731-14-2199,1,3,1,2,5,3,35.54,10,17.77,373.17,2019-4-1 13:34:00,355.4,17.77,7.0
783-09-1637,2,1,2,2,6,3,67.43,5,168.575,3540.075,2019-6-3 18:13:00,337.15,168.575,6.3
687-15-1097,3,2,1,2,4,1,21.12,2,2.112,44.352,2019-3-1 19:17:00,42.24,2.112,9.7
126-54-1082,1,3,1,2,5,2,21.54,9,9.693,203.553,2019-7-1 11:44:00,193.86,9.693,8.8
633-91-1052,1,3,2,2,5,1,12.03,2,1.203,25.263,2019-1-27 15:51:00,24.06,1.203,5.1
477-24-6490,2,1,2,2,4,3,99.71,6,29.913,628.173,2019-2-26 16:52:00,598.26,29.913,7.9
566-19-5475,2,1,2,1,2,1,47.97,7,167.895,3525.795,2019-7-1 20:52:00,335.79,167.895,6.2
526-86-8552,3,2,1,2,5,1,21.82,10,10.91,229.11,2019-7-1 17:36:00,218.2,10.91,7.1
376-56-3573,3,2,2,2,2,3,95.42,4,19.084,400.764,2019-2-2 13:23:00,381.68,19.084,6.4
537-72-0426,3,2,1,1,2,1,70.99,10,35.495,745.395,2019-3-20 16:28:00,709.9,35.495,5.7
828-61-5674,1,3,1,1,6,2,44.02,10,22.01,462.21,2019-3-20 19:57:00,440.2,22.01,9.6
136-08-6195,1,3,2,2,5,2,69.96,8,27.984,587.664,2019-2-15 17:01:00,559.68,27.984,6.4
523-38-0215,3,2,2,1,5,2,37.0,1,1.85,38.85,2019-6-3 13:29:00,37.0,1.85,7.9
490-29-1201,1,3,2,2,6,1,15.34,1,0.767,16.107,2019-6-1 11:09:00,15.34,0.767,6.5
667-92-0055,1,3,1,1,4,3,99.83,6,29.949,628.929,2019-4-3 15:02:00,598.98,29.949,8.5
565-17-3836,1,3,1,2,4,1,47.67,4,9.534,200.214,2019-12-3 14:21:00,190.68,9.534,9.1
498-41-1961,2,1,2,1,4,1,66.68,5,16.67,350.07,2019-2-20 18:01:00,333.4,16.67,7.6
593-95-4461,3,2,1,1,5,1,74.86,1,3.743,78.603,2019-3-24 14:49:00,74.86,3.743,6.9
226-71-3580,3,2,2,2,6,1,23.75,9,106.875,2244.375,2019-1-31 12:02:00,213.75,106.875,9.5
283-79-9594,2,1,2,2,3,2,48.51,7,169.785,3565.485,2019-1-25 13:30:00,339.57,169.785,5.2
430-60-3493,1,3,1,2,5,1,94.88,7,33.208,697.368,2019-3-2 14:38:00,664.16,33.208,4.2
139-20-0155,2,1,1,1,1,2,40.3,10,20.15,423.15,2019-1-24 17:37:00,403.0,20.15,7.0
558-80-4082,3,2,2,1,1,3,27.85,7,97.475,2046.975,2019-3-14 17:20:00,194.95,97.475,6.0
278-97-7759,1,3,1,2,1,1,62.48,1,3.124,65.604,2019-2-18 20:29:00,62.48,3.124,4.7
316-68-6352,1,3,1,2,3,1,36.36,2,3.636,76.356,2019-1-21 10:00:00,72.72,3.636,7.1
585-03-5943,2,1,2,1,4,3,18.11,10,9.055,190.155,2019-3-13 11:46:00,181.1,9.055,5.9
211-05-0490,3,2,1,2,1,1,51.92,5,12.98,272.58,2019-3-3 13:42:00,259.6,12.98,7.5
727-75-6477,3,2,2,1,1,1,28.84,4,5.768,121.128,2019-3-29 14:44:00,115.36,5.768,6.4
744-02-5987,1,3,1,1,5,3,78.38,6,23.514,493.794,2019-10-1 14:16:00,470.28,23.514,5.8
307-83-9164,1,3,1,1,5,1,60.01,4,12.002,252.042,2019-1-25 15:54:00,240.04,12.002,4.5
779-06-0012,3,2,1,2,5,1,88.61,1,44.305,930.405,2019-1-19 10:21:00,88.61,44.305,7.7
446-47-6729,3,2,2,1,2,2,99.82,2,9.982,209.622,2019-2-1 18:09:00,199.64,9.982,6.7
573-10-3877,2,1,1,1,4,2,39.01,1,19.505,409.605,2019-12-3 16:46:00,39.01,19.505,4.7
735-06-4124,3,2,2,1,3,1,48.61,1,24.305,510.405,2019-2-25 15:31:00,48.61,24.305,4.4
439-54-7422,1,3,2,2,1,2,51.19,4,10.238,214.998,2019-3-18 17:15:00,204.76,10.238,4.7
396-90-2219,2,1,2,2,1,1,14.96,8,5.984,125.664,2019-2-23 12:29:00,119.68,5.984,8.6
411-77-0180,1,3,1,1,1,3,72.2,7,25.27,530.67,2019-3-26 20:14:00,505.4,25.27,4.3
286-01-5402,1,3,2,2,6,1,40.23,7,140.805,2956.905,2019-3-30 13:22:00,281.61,140.805,9.6
803-17-8013,1,3,1,2,5,1,88.79,8,35.516,745.836,2019-2-17 17:09:00,710.32,35.516,4.1
512-98-1403,1,3,1,2,1,3,26.48,3,3.972,83.412,2019-3-21 10:40:00,79.44,3.972,4.7
848-42-2560,1,3,2,2,2,1,81.91,2,8.191,172.011,2019-5-3 17:43:00,163.82,8.191,7.8
532-59-7201,2,1,1,1,6,1,79.93,6,23.979,503.559,2019-1-31 14:04:00,479.58,23.979,5.5
181-94-6432,3,2,1,1,2,3,69.33,2,6.933,145.593,2019-5-2 19:05:00,138.66,6.933,9.7
870-76-1733,1,3,1,2,3,2,14.23,5,35.575,747.075,2019-1-2 10:08:00,71.15,35.575,4.4
423-64-4619,1,3,1,2,4,1,15.55,9,69.975,1469.475,2019-7-3 13:12:00,139.95,69.975,5.0
227-07-4446,3,2,1,2,1,1,78.13,10,39.065,820.365,2019-10-2 20:51:00,781.3,39.065,4.4
174-36-3675,3,2,1,1,3,1,99.37,2,9.937,208.677,2019-2-14 17:29:00,198.74,9.937,5.2
428-83-5800,3,2,1,2,3,1,21.08,3,3.162,66.402,2019-9-2 10:25:00,63.24,3.162,7.3
603-07-0961,3,2,1,1,1,1,74.79,5,186.975,3926.475,2019-10-1 11:34:00,373.95,186.975,4.9
704-20-4138,3,2,1,2,4,2,29.67,7,103.845,2180.745,2019-11-3 18:58:00,207.69,103.845,8.1
787-15-1757,3,2,1,1,4,3,44.07,4,8.814,185.094,2019-2-18 16:28:00,176.28,8.814,8.4
649-11-3678,3,2,2,2,3,1,22.93,9,103.185,2166.885,2019-2-26 20:26:00,206.37,103.185,5.5
622-20-1945,3,2,2,2,4,1,39.42,1,1.971,41.391,2019-1-18 15:08:00,39.42,1.971,8.4
372-94-8041,1,3,2,1,4,3,15.26,6,4.578,96.138,2019-2-15 18:03:00,91.56,4.578,9.8
563-91-7120,1,3,2,2,2,1,61.77,5,154.425,3242.925,2019-8-3 13:21:00,308.85,154.425,6.7
746-54-5508,1,3,2,1,5,2,21.52,6,6.456,135.576,2019-1-17 12:48:00,129.12,6.456,9.4
276-54-0879,2,1,2,1,6,3,97.74,4,19.548,410.508,2019-12-3 19:53:00,390.96,19.548,6.4
815-11-1168,1,3,1,1,3,1,99.78,5,24.945,523.845,2019-9-3 19:09:00,498.9,24.945,5.4
719-76-3868,3,2,1,1,3,1,94.26,4,18.852,395.892,2019-12-3 16:30:00,377.04,18.852,8.6
730-61-8757,2,1,1,1,4,2,51.13,4,10.226,214.746,2019-1-25 10:11:00,204.52,10.226,4.0
340-66-0321,1,3,1,1,1,1,36.36,4,7.272,152.712,2019-3-25 13:07:00,145.44,7.272,7.6
868-81-1752,2,1,2,1,5,1,22.02,9,9.909,208.089,2019-7-2 18:48:00,198.18,9.909,6.8
634-97-8956,1,3,2,1,3,2,32.9,3,4.935,103.635,2019-2-17 17:27:00,98.7,4.935,9.1
566-71-1091,1,3,2,1,2,1,77.02,5,19.255,404.355,2019-3-2 15:59:00,385.1,19.255,5.5
442-48-3607,1,3,1,1,3,2,23.48,2,2.348,49.308,2019-3-14 11:21:00,46.96,2.348,7.9
835-16-0096,3,2,1,1,6,3,14.7,5,3.675,77.175,2019-3-24 13:48:00,73.5,3.675,8.5
527-09-6272,1,3,1,2,1,2,28.45,5,71.125,1493.625,2019-3-21 10:17:00,142.25,71.125,9.1
898-04-2717,1,3,2,1,2,3,76.4,9,34.38,721.98,2019-3-19 15:49:00,687.6,34.38,7.5
692-27-8933,2,1,2,2,6,1,57.95,6,17.385,365.085,2019-2-24 13:02:00,347.7,17.385,5.2
633-09-3463,3,2,2,2,1,2,47.65,3,71.475,1500.975,2019-3-28 12:58:00,142.95,71.475,9.5
374-17-3652,2,1,1,2,3,2,42.82,9,19.269,404.649,2019-5-2 15:26:00,385.38,19.269,8.9
378-07-7001,2,1,1,1,1,2,48.09,3,72.135,1514.835,2019-10-2 18:23:00,144.27,72.135,7.8
433-75-6987,2,1,1,2,4,3,55.97,7,195.895,4113.795,2019-5-3 19:06:00,391.79,195.895,8.9
873-95-4984,2,1,1,2,4,1,76.9,7,26.915,565.215,2019-2-15 20:21:00,538.3,26.915,7.7
416-13-5917,3,2,2,2,3,3,97.03,5,242.575,5094.075,2019-1-30 16:24:00,485.15,242.575,9.3
150-89-8043,1,3,2,1,6,1,44.65,3,66.975,1406.475,2019-2-14 15:04:00,133.95,66.975,6.2
135-84-8019,1,3,2,2,2,3,77.93,9,350.685,7364.385,2019-2-27 16:10:00,701.37,350.685,7.6
441-94-7118,1,3,1,1,1,1,71.95,1,35.975,755.475,2019-4-2 12:14:00,71.95,35.975,7.3
725-96-3778,3,2,1,2,5,1,89.25,8,35.7,749.7,2019-1-20 10:13:00,714.0,35.7,4.7
531-80-1784,1,3,2,1,1,1,26.02,7,9.107,191.247,2019-3-28 17:38:00,182.14,9.107,5.1
400-45-1220,2,1,2,2,4,2,13.5,10,6.75,141.75,2019-2-27 11:06:00,135.0,6.75,4.8
860-79-0874,3,2,1,2,2,2,99.3,10,49.65,1042.65,2019-2-15 14:53:00,993.0,49.65,6.6
834-61-8124,1,3,2,1,1,1,51.69,7,180.915,3799.215,2019-1-26 18:22:00,361.83,180.915,5.5
115-99-4379,2,1,1,2,2,2,54.73,7,191.555,4022.655,2019-3-14 19:02:00,383.11,191.555,8.5
565-67-6697,2,1,1,1,5,1,27.0,9,12.15,255.15,2019-2-3 14:16:00,243.0,12.15,4.8
320-49-6392,3,2,2,2,1,1,30.24,1,1.512,31.752,2019-4-3 15:44:00,30.24,1.512,8.4
889-04-9723,2,1,1,2,3,2,89.14,4,17.828,374.388,2019-7-1 12:20:00,356.56,17.828,7.8
632-90-0281,3,2,2,2,2,2,37.55,10,18.775,394.275,2019-8-3 20:01:00,375.5,18.775,9.3
554-42-2417,3,2,2,2,6,1,95.44,10,47.72,1002.12,2019-9-1 13:45:00,954.4,47.72,5.2
453-63-6187,2,1,2,1,1,3,27.5,3,4.125,86.625,2019-1-3 15:40:00,82.5,4.125,6.5
578-80-7669,2,1,2,1,6,1,74.97,1,37.485,787.185,2019-3-16 16:58:00,74.97,37.485,5.6
612-36-5536,1,3,1,1,3,2,80.96,8,32.384,680.064,2019-2-17 11:12:00,647.68,32.384,7.4
605-72-4132,3,2,2,2,3,1,94.47,8,37.788,793.548,2019-2-27 15:12:00,755.76,37.788,9.1
471-41-2823,3,2,2,1,3,3,99.79,2,9.979,209.559,2019-7-3 20:37:00,199.58,9.979,8.0
462-67-9126,1,3,2,1,5,1,73.22,6,21.966,461.286,2019-1-21 17:44:00,439.32,21.966,7.2
272-27-9238,3,2,2,2,3,1,41.24,4,8.248,173.208,2019-2-19 16:23:00,164.96,8.248,7.1
834-25-9262,3,2,2,2,2,1,81.68,4,16.336,343.056,2019-6-1 12:12:00,326.72,16.336,9.1
122-61-9553,3,2,2,2,1,1,51.32,9,23.094,484.974,2019-3-14 19:33:00,461.88,23.094,5.6
468-88-0009,1,3,1,1,5,1,65.94,4,13.188,276.948,2019-3-24 10:29:00,263.76,13.188,6.0
613-59-9758,3,2,2,2,6,1,14.36,10,7.18,150.78,2019-1-27 14:28:00,143.6,7.18,5.4
254-31-0042,1,3,1,1,1,2,21.5,9,9.675,203.175,2019-6-3 12:46:00,193.5,9.675,7.8
201-86-2184,2,1,1,2,1,1,26.26,7,9.191,193.011,2019-2-2 19:40:00,183.82,9.191,9.9
261-12-8671,2,1,2,2,2,2,60.96,2,6.096,128.016,2019-1-25 19:39:00,121.92,6.096,4.9
730-70-9830,3,2,2,2,5,3,70.11,6,21.033,441.693,2019-3-14 17:54:00,420.66,21.033,5.2
382-25-8917,3,2,2,1,2,1,42.08,6,12.624,265.104,2019-1-29 12:25:00,252.48,12.624,8.9
422-29-8786,1,3,2,2,5,2,67.09,5,167.725,3522.225,2019-3-1 16:47:00,335.45,167.725,9.1
667-23-5919,1,3,1,2,2,3,96.7,5,24.175,507.675,2019-1-14 12:52:00,483.5,24.175,7.0
843-01-4703,2,1,1,2,5,2,35.38,9,15.921,334.341,2019-5-1 19:50:00,318.42,15.921,9.6
743-88-1662,3,2,2,1,6,3,95.49,7,334.215,7018.515,2019-2-22 18:17:00,668.43,334.215,8.7
595-86-2894,3,2,1,1,2,3,96.98,4,19.396,407.316,2019-6-2 17:20:00,387.92,19.396,9.4
182-69-8360,2,1,2,2,1,2,23.65,4,4.73,99.33,2019-1-30 13:32:00,94.6,4.73,4.0
289-15-7034,1,3,1,1,6,2,82.33,4,16.466,345.786,2019-11-1 10:37:00,329.32,16.466,7.5
462-78-5240,3,2,2,2,1,1,26.61,2,2.661,55.881,2019-3-19 14:35:00,53.22,2.661,4.2
868-52-7573,2,1,2,2,3,1,99.69,5,249.225,5233.725,2019-1-14 12:09:00,498.45,249.225,9.9
153-58-4872,3,2,1,2,3,3,74.89,4,14.978,314.538,2019-1-3 15:32:00,299.56,14.978,4.2
662-72-2873,1,3,2,2,3,3,40.94,5,10.235,214.935,2019-6-1 13:58:00,204.7,10.235,9.9
525-88-7307,2,1,1,1,6,1,75.82,1,3.791,79.611,2019-1-31 13:19:00,75.82,3.791,5.8
689-16-9784,3,2,2,1,3,1,46.77,6,14.031,294.651,2019-11-3 13:37:00,280.62,14.031,6.0
725-56-0833,1,3,2,2,4,2,32.32,10,16.16,339.36,2019-2-20 16:49:00,323.2,16.16,10.0
394-41-0748,3,2,1,2,2,3,54.07,9,243.315,5109.615,2019-1-27 14:55:00,486.63,243.315,9.5
596-42-3999,2,1,2,1,3,2,18.22,7,6.377,133.917,2019-10-3 14:04:00,127.54,6.377,6.6
541-89-9860,3,2,1,2,2,1,80.48,3,12.072,253.512,2019-2-15 12:31:00,241.44,12.072,8.1
173-82-9529,2,1,2,2,2,1,37.95,10,18.975,398.475,2019-1-26 14:51:00,379.5,18.975,9.7
563-36-9814,1,3,1,1,1,3,76.82,1,3.841,80.661,2019-2-13 18:27:00,76.82,3.841,7.2
308-47-4913,1,3,1,2,6,2,52.26,10,26.13,548.73,2019-9-3 12:45:00,522.6,26.13,6.2
885-17-6250,1,3,2,2,4,3,79.74,1,3.987,83.727,2019-6-3 10:36:00,79.74,3.987,7.3
726-27-2396,1,3,2,2,4,3,77.5,5,19.375,406.875,2019-1-24 20:36:00,387.5,19.375,4.3
316-01-3952,1,3,2,2,3,3,54.27,5,135.675,2849.175,2019-3-13 14:16:00,271.35,135.675,4.6
760-54-1821,2,1,2,1,5,1,13.59,9,61.155,1284.255,2019-3-15 10:26:00,122.31,61.155,5.8
793-10-3222,2,1,1,2,4,2,41.06,6,12.318,258.678,2019-5-3 13:30:00,246.36,12.318,8.3
346-12-3257,2,1,1,1,1,1,19.24,9,8.658,181.818,2019-4-3 16:28:00,173.16,8.658,8.0
110-05-6330,3,2,2,2,3,2,39.43,6,11.829,248.409,2019-3-25 20:18:00,236.58,11.829,9.4
651-61-0874,3,2,2,1,5,2,46.22,4,9.244,194.124,2019-12-3 20:04:00,184.88,9.244,6.2
236-86-3015,3,2,1,1,5,3,13.98,1,0.699,14.679,2019-4-2 13:38:00,13.98,0.699,9.8
831-64-0259,2,1,2,2,2,3,39.75,5,99.375,2086.875,2019-2-22 10:43:00,198.75,99.375,9.6
587-03-7455,3,2,1,2,2,3,97.79,7,342.265,7187.565,2019-2-16 17:30:00,684.53,342.265,4.9
882-40-4577,1,3,1,1,6,2,67.26,4,13.452,282.492,2019-1-19 15:28:00,269.04,13.452,8.0
732-67-5346,1,3,2,1,3,2,13.79,5,34.475,723.975,2019-11-1 19:07:00,68.95,34.475,7.8
725-32-9708,2,1,1,2,2,1,68.71,4,13.742,288.582,2019-4-1 19:01:00,274.84,13.742,4.1
256-08-8343,1,3,2,2,5,3,56.53,4,11.306,237.426,2019-4-3 19:48:00,226.12,11.306,5.5
372-26-1506,3,2,2,2,2,3,23.82,5,5.955,125.055,2019-1-28 19:24:00,119.1,5.955,5.4
244-08-0162,2,1,2,2,4,1,34.21,10,17.105,359.205,2019-2-1 13:00:00,342.1,17.105,5.1
569-71-4390,2,1,2,1,6,3,21.87,2,2.187,45.927,2019-1-25 14:29:00,43.74,2.187,6.9
132-23-6451,1,3,1,1,4,1,20.97,5,52.425,1100.925,2019-4-1 13:21:00,104.85,52.425,7.8
696-90-2548,1,3,2,1,6,3,25.84,3,3.876,81.396,2019-10-3 18:55:00,77.52,3.876,6.6
472-15-9636,1,3,2,1,5,3,50.93,8,20.372,427.812,2019-3-22 19:36:00,407.44,20.372,9.2
268-03-6164,2,1,2,1,4,3,96.11,1,48.055,1009.155,2019-1-25 16:28:00,96.11,48.055,7.8
750-57-9686,3,2,2,2,5,2,45.38,4,9.076,190.596,2019-8-1 13:48:00,181.52,9.076,8.7
186-09-3669,3,2,1,2,4,3,81.51,1,40.755,855.855,2019-1-22 10:57:00,81.51,40.755,9.2
848-07-1692,2,1,2,2,4,3,57.22,2,5.722,120.162,2019-12-1 17:13:00,114.44,5.722,8.3
745-71-3520,1,3,1,2,1,1,25.22,7,8.827,185.367,2019-4-2 10:23:00,176.54,8.827,8.2
266-76-6436,3,2,1,2,3,3,38.6,3,5.79,121.59,2019-3-28 13:57:00,115.8,5.79,7.5
740-22-2500,3,2,2,2,1,1,84.05,3,126.075,2647.575,2019-1-23 13:29:00,252.15,126.075,9.8
271-88-8734,3,2,1,2,2,2,97.21,10,48.605,1020.705,2019-8-2 13:00:00,972.1,48.605,8.7
301-81-8610,2,1,1,1,2,2,25.42,8,10.168,213.528,2019-3-19 19:42:00,203.36,10.168,6.7
489-64-4354,3,2,2,1,2,1,16.28,1,0.814,17.094,2019-9-3 15:36:00,16.28,0.814,5.0
198-84-7132,2,1,1,1,2,1,40.61,9,182.745,3837.645,2019-2-1 13:40:00,365.49,182.745,7.0
269-10-8440,1,3,1,1,4,1,53.17,7,186.095,3907.995,2019-1-21 18:01:00,372.19,186.095,8.9
650-98-6268,2,1,1,2,3,2,20.87,3,31.305,657.405,2019-3-20 13:53:00,62.61,31.305,8.0
741-73-3559,2,1,2,1,6,1,67.27,5,168.175,3531.675,2019-2-27 17:27:00,336.35,168.175,6.9
325-77-6186,1,3,1,2,5,3,90.65,10,45.325,951.825,2019-8-3 10:53:00,906.5,45.325,7.3
286-75-7818,2,1,2,1,2,2,69.08,2,6.908,145.068,2019-1-31 19:48:00,138.16,6.908,6.9
574-57-9721,3,2,2,1,3,3,43.27,2,4.327,90.867,2019-8-3 16:53:00,86.54,4.327,5.7
459-50-7686,1,3,2,2,1,3,23.46,6,7.038,147.798,2019-1-13 19:14:00,140.76,7.038,6.4
616-87-0016,2,1,2,1,2,2,95.54,7,33.439,702.219,2019-9-3 14:36:00,668.78,33.439,9.6
837-55-7229,2,1,2,2,2,2,47.44,1,2.372,49.812,2019-2-22 18:19:00,47.44,2.372,6.8
751-69-0068,3,2,2,1,6,3,99.24,9,44.658,937.818,2019-3-19 19:09:00,893.16,44.658,9.0
257-73-1380,3,2,1,1,6,3,82.93,4,16.586,348.306,2019-1-20 16:51:00,331.72,16.586,9.6
345-08-4992,1,3,2,1,5,2,33.99,6,10.197,214.137,2019-8-3 15:37:00,203.94,10.197,7.7
549-96-4200,3,2,1,1,3,3,17.04,4,3.408,71.568,2019-8-3 20:15:00,68.16,3.408,7.0
810-60-6344,3,2,2,2,1,2,40.86,8,16.344,343.224,2019-7-2 14:38:00,326.88,16.344,6.5
450-28-2866,3,2,1,1,3,1,17.44,5,4.36,91.56,2019-1-15 19:25:00,87.2,4.36,8.1
394-30-3170,2,1,1,2,6,2,88.43,8,35.372,742.812,2019-3-22 19:35:00,707.44,35.372,4.3
138-17-5109,1,3,1,2,5,2,89.21,9,401.445,8430.345,2019-1-15 15:42:00,802.89,401.445,6.5
192-98-7397,3,2,2,1,2,3,12.78,1,0.639,13.419,2019-8-1 14:11:00,12.78,0.639,9.5
301-11-9629,1,3,2,2,6,1,19.1,7,6.685,140.385,2019-1-15 10:43:00,133.7,6.685,9.7
390-80-5128,2,1,1,2,4,2,19.15,1,0.9575,201.075,2019-1-28 17:58:00,19.15,0.9575,9.5
235-46-8343,3,2,1,1,3,2,27.66,10,13.83,290.43,2019-2-14 11:26:00,276.6,13.83,8.9
453-12-7053,3,2,2,1,2,2,45.74,3,6.861,144.081,2019-10-3 17:38:00,137.22,6.861,6.5
296-11-7041,2,1,1,2,4,2,27.07,1,13.535,284.235,2019-12-1 20:07:00,27.07,13.535,5.3
449-27-2918,2,1,1,2,6,2,39.12,1,1.956,41.076,2019-3-26 11:02:00,39.12,1.956,9.6
891-01-7034,2,1,2,2,1,1,74.71,6,22.413,470.673,2019-1-1 19:07:00,448.26,22.413,6.7
744-09-5786,2,1,2,1,1,1,22.01,6,6.603,138.663,2019-2-1 18:50:00,132.06,6.603,7.6
727-17-0390,1,3,2,2,3,3,63.61,5,159.025,3339.525,2019-3-16 12:43:00,318.05,159.025,4.8
568-88-3448,1,3,2,1,4,3,25.0,1,1.25,26.25,2019-3-3 15:09:00,25.0,1.25,5.5
187-83-5490,1,3,1,1,1,1,20.77,4,4.154,87.234,2019-1-31 13:47:00,83.08,4.154,4.7
767-54-1907,2,1,1,2,2,1,29.56,5,7.39,155.19,2019-2-13 16:59:00,147.8,7.39,6.9
710-46-4433,2,1,1,2,3,2,77.4,9,34.83,731.43,2019-2-15 14:15:00,696.6,34.83,4.5
533-33-5337,2,1,2,1,1,1,79.39,10,39.695,833.595,2019-7-2 20:24:00,793.9,39.695,6.2
325-90-8763,3,2,1,2,1,1,46.57,10,23.285,488.985,2019-1-27 13:58:00,465.7,23.285,7.6
729-46-7422,3,2,2,1,3,2,35.89,1,17.945,376.845,2019-2-23 16:52:00,35.89,17.945,7.9
639-76-1242,3,2,2,1,3,1,40.52,5,10.13,212.73,2019-3-2 15:19:00,202.6,10.13,4.5
234-03-4040,2,1,1,2,3,2,73.05,10,36.525,767.025,2019-3-3 12:25:00,730.5,36.525,8.7
326-71-2155,3,2,2,2,6,1,73.95,4,14.79,310.59,2019-3-2 10:02:00,295.8,14.79,6.1
320-32-8842,3,2,1,2,3,1,22.62,1,1.131,23.751,2019-3-17 18:58:00,22.62,1.131,6.4
470-32-9057,1,3,1,1,3,2,51.34,5,12.835,269.535,2019-3-28 15:31:00,256.7,12.835,9.1
878-30-2331,3,2,1,2,6,2,54.55,10,27.275,572.775,2019-2-3 11:22:00,545.5,27.275,7.1
440-59-5691,3,2,1,2,4,2,37.15,7,130.025,2730.525,2019-8-2 13:12:00,260.05,130.025,7.7
554-53-3790,2,1,2,1,6,1,37.02,6,11.106,233.226,2019-3-22 18:33:00,222.12,11.106,4.5
746-19-0921,3,2,2,1,3,3,21.58,1,1.079,22.659,2019-9-2 10:02:00,21.58,1.079,7.2
233-34-0817,3,2,1,2,1,1,98.84,1,4.942,103.782,2019-2-15 11:21:00,98.84,4.942,8.4
767-05-1286,3,2,1,2,5,3,83.77,6,25.131,527.751,2019-1-23 12:10:00,502.62,25.131,5.4
340-21-9136,1,3,1,2,6,1,40.05,4,8.01,168.21,2019-1-25 11:40:00,160.2,8.01,9.7
405-31-3305,1,3,1,1,2,2,43.13,10,21.565,452.865,2019-2-2 18:31:00,431.3,21.565,5.5
731-59-7531,2,1,1,1,4,1,72.57,8,29.028,609.588,2019-3-30 17:58:00,580.56,29.028,4.6
676-39-6028,1,3,1,2,1,1,64.44,5,16.11,338.31,2019-3-30 17:04:00,322.2,16.11,6.6
502-05-1910,1,3,2,1,4,2,65.18,3,9.777,205.317,2019-2-25 20:35:00,195.54,9.777,6.3
485-30-8700,1,3,2,2,6,2,33.26,5,8.315,174.615,2019-3-18 16:10:00,166.3,8.315,4.2
598-47-9715,3,2,2,1,1,3,84.07,4,16.814,353.094,2019-7-3 16:54:00,336.28,16.814,4.4
701-69-8742,2,1,2,1,6,3,34.37,10,17.185,360.885,2019-3-16 10:11:00,343.7,17.185,6.7
575-67-1508,1,3,2,1,1,3,38.6,1,1.93,40.53,2019-1-29 11:26:00,38.6,1.93,6.7
541-08-3113,3,2,2,1,3,1,65.97,8,26.388,554.148,2019-2-2 20:29:00,527.76,26.388,8.4
246-11-3901,3,2,2,2,1,1,32.8,10,16.4,344.4,2019-2-15 12:12:00,328.0,16.4,6.2
674-15-9296,1,3,2,1,6,3,37.14,5,9.285,194.985,2019-8-1 13:05:00,185.7,9.285,5.0
305-18-3552,2,1,1,1,5,1,60.38,10,30.19,633.99,2019-12-2 16:19:00,603.8,30.19,6.0
493-65-6248,3,2,1,2,6,2,36.98,10,18.49,388.29,2019-1-1 19:48:00,369.8,18.49,7.0
438-01-4015,2,1,1,2,6,3,49.49,4,9.898,207.858,2019-3-21 15:25:00,197.96,9.898,6.6
709-58-4068,2,1,2,2,2,1,41.09,10,20.545,431.445,2019-2-28 14:42:00,410.9,20.545,7.3
795-49-7276,1,3,2,1,2,3,37.15,4,7.43,156.03,2019-3-23 18:59:00,148.6,7.43,8.3
556-72-8512,3,2,2,1,5,1,22.96,1,1.148,24.108,2019-1-30 20:47:00,22.96,1.148,4.3
627-95-3243,2,1,1,2,5,3,77.68,9,34.956,734.076,2019-4-2 13:21:00,699.12,34.956,9.8
686-41-0932,2,1,2,2,2,3,34.7,2,3.47,72.87,2019-3-13 19:48:00,69.4,3.47,8.2
510-09-5628,1,3,1,2,2,2,19.66,10,9.83,206.43,2019-3-15 18:20:00,196.6,9.83,7.2
608-04-3797,2,1,1,2,4,3,25.32,8,10.128,212.688,2019-5-3 20:24:00,202.56,10.128,8.7
148-82-2527,3,2,1,2,5,2,12.12,10,6.06,127.26,2019-5-3 13:44:00,121.2,6.06,8.4
437-53-3084,2,1,2,1,2,3,99.89,2,9.989,209.769,2019-2-26 11:48:00,199.78,9.989,7.1
632-32-4574,2,1,2,1,6,1,75.92,8,30.368,637.728,2019-3-20 14:14:00,607.36,30.368,5.5
556-97-7101,3,2,2,2,1,1,63.22,2,6.322,132.762,2019-1-1 15:51:00,126.44,6.322,8.5
862-59-8517,3,2,2,2,3,1,90.24,6,27.072,568.512,2019-1-27 11:17:00,541.44,27.072,6.2
401-18-8016,2,1,1,2,6,1,98.13,1,49.065,1030.365,2019-1-21 17:36:00,98.13,49.065,8.9
420-18-8989,1,3,1,2,6,1,51.52,8,20.608,432.768,2019-2-2 15:47:00,412.16,20.608,9.6
277-63-2961,2,1,1,1,6,2,73.97,1,36.985,776.685,2019-3-2 15:53:00,73.97,36.985,5.4
573-98-8548,3,2,1,2,2,3,31.9,1,1.595,33.495,2019-5-1 12:40:00,31.9,1.595,9.1
620-02-2046,3,2,2,1,5,3,69.4,2,6.94,145.74,2019-1-27 19:48:00,138.8,6.94,9.0
282-35-2475,2,1,2,2,6,1,93.31,2,9.331,195.951,2019-3-25 17:53:00,186.62,9.331,6.3
511-54-3087,2,1,2,1,6,2,88.45,1,44.225,928.725,2019-2-25 16:36:00,88.45,44.225,9.5
726-29-6793,1,3,1,1,1,3,24.18,8,9.672,203.112,2019-1-28 20:54:00,193.44,9.672,9.8
387-49-4215,2,1,1,2,6,1,48.5,3,7.275,152.775,2019-8-1 12:50:00,145.5,7.275,6.7
862-17-9201,2,1,2,2,3,2,84.05,6,25.215,529.515,2019-1-29 10:48:00,504.3,25.215,7.7
291-21-5991,2,1,1,1,4,1,61.29,5,153.225,3217.725,2019-3-29 14:28:00,306.45,153.225,7.0
602-80-9671,3,2,1,2,5,2,15.95,6,4.785,100.485,2019-9-2 17:15:00,95.7,4.785,5.1
347-72-6115,2,1,1,2,6,2,90.74,7,31.759,666.939,2019-1-16 18:03:00,635.18,31.759,6.2
209-61-0206,1,3,2,2,5,3,42.91,5,107.275,2252.775,2019-5-1 17:29:00,214.55,107.275,6.1
595-27-4851,1,3,2,2,2,3,54.28,7,18.998,398.958,2019-1-27 18:05:00,379.96,18.998,9.3
189-52-0236,1,3,2,1,1,1,99.55,7,348.425,7316.925,2019-3-14 12:07:00,696.85,348.425,7.6
503-07-0930,3,2,1,1,6,2,58.39,7,204.365,4291.665,2019-2-23 19:49:00,408.73,204.365,8.2
413-20-6708,3,2,1,2,2,3,51.47,1,25.735,540.435,2019-3-18 15:52:00,51.47,25.735,8.5
425-85-2085,2,1,1,1,4,3,54.86,5,13.715,288.015,2019-3-29 16:48:00,274.3,13.715,9.8
521-18-7827,3,2,1,1,5,2,39.39,5,98.475,2067.975,2019-1-22 20:46:00,196.95,98.475,8.7
220-28-1851,1,3,2,1,5,3,34.73,2,3.473,72.933,2019-1-3 18:14:00,69.46,3.473,9.7
600-38-9738,3,2,1,1,6,2,71.92,5,17.98,377.58,2019-1-17 15:05:00,359.6,17.98,4.3
734-91-1155,2,1,2,2,1,2,45.71,3,68.565,1439.865,2019-3-26 10:34:00,137.13,68.565,7.7
451-28-5717,3,2,1,2,5,1,83.17,6,24.951,523.971,2019-3-20 11:23:00,499.02,24.951,7.3
609-81-8548,1,3,1,2,5,2,37.44,6,11.232,235.872,2019-6-2 13:55:00,224.64,11.232,5.9
133-14-7229,3,2,2,1,4,1,62.87,2,6.287,132.027,2019-1-1 11:43:00,125.74,6.287,5.0
534-01-4457,1,3,2,1,3,2,81.71,6,24.513,514.773,2019-1-27 14:36:00,490.26,24.513,8.0
719-89-8991,1,3,1,2,6,3,91.41,5,228.525,4799.025,2019-2-25 16:03:00,457.05,228.525,7.1
286-62-6248,2,1,2,1,2,2,39.21,4,7.842,164.682,2019-1-16 20:03:00,156.84,7.842,9.0
339-38-9982,2,1,1,1,2,3,59.86,2,5.986,125.706,2019-1-13 14:55:00,119.72,5.986,6.7
827-44-5872,2,1,1,2,3,2,54.36,10,27.18,570.78,2019-7-2 11:28:00,543.6,27.18,6.1
827-77-7633,1,3,2,1,6,1,98.09,9,441.405,9269.505,2019-2-17 19:41:00,882.81,441.405,9.3
287-83-1405,1,3,2,1,4,3,25.43,6,7.629,160.209,2019-12-2 19:01:00,152.58,7.629,7.0
435-13-4908,1,3,1,1,2,2,86.68,8,34.672,728.112,2019-1-24 18:04:00,693.44,34.672,7.2
857-67-9057,2,1,2,1,1,3,22.95,10,11.475,240.975,2019-6-2 19:20:00,229.5,11.475,8.2
236-27-1144,3,2,2,2,3,3,16.31,9,73.395,1541.295,2019-3-26 10:31:00,146.79,73.395,8.4
892-05-6689,1,3,2,2,5,3,28.32,5,7.08,148.68,2019-11-3 13:28:00,141.6,7.08,6.2
583-41-4548,3,2,2,1,5,3,16.67,7,58.345,1225.245,2019-7-2 11:36:00,116.69,58.345,7.4
339-12-4827,2,1,1,2,2,2,73.96,1,3.698,77.658,2019-5-1 11:32:00,73.96,3.698,5.0
643-38-7867,1,3,2,1,5,3,97.94,1,4.897,102.837,2019-7-3 11:44:00,97.94,4.897,6.9
308-81-0538,1,3,2,2,2,2,73.05,4,14.61,306.81,2019-2-25 17:16:00,292.2,14.61,4.9
358-88-9262,3,2,1,2,3,3,87.48,6,26.244,551.124,2019-1-2 18:43:00,524.88,26.244,5.1
460-35-4390,1,3,2,1,5,3,30.68,3,4.602,96.642,2019-1-22 11:00:00,92.04,4.602,9.1
343-87-0864,3,2,1,1,4,2,75.88,1,3.794,79.674,2019-3-1 10:30:00,75.88,3.794,7.1
173-50-1108,2,1,1,2,6,2,20.18,4,4.036,84.756,2019-2-13 12:14:00,80.72,4.036,5.0
243-47-2663,3,2,1,1,1,2,18.77,6,5.631,118.251,2019-1-28 16:43:00,112.62,5.631,5.5
841-18-8232,2,1,2,2,3,2,71.2,1,3.56,74.76,2019-5-1 20:40:00,71.2,3.56,9.2
701-23-5550,2,1,1,1,5,3,38.81,4,7.762,163.002,2019-3-19 13:40:00,155.24,7.762,4.9
647-50-1224,1,3,2,2,2,3,29.42,10,14.71,308.91,2019-12-1 16:23:00,294.2,14.71,8.9
541-48-8554,1,3,2,1,6,2,60.95,9,274.275,5759.775,2019-7-1 12:08:00,548.55,274.275,6.0
539-21-7227,2,1,2,2,6,1,51.54,5,12.885,270.585,2019-1-26 17:45:00,257.7,12.885,4.2
213-32-1216,1,3,2,2,1,1,66.06,6,19.818,416.178,2019-1-23 10:28:00,396.36,19.818,7.3
747-58-7183,2,1,2,1,2,3,57.27,3,85.905,1804.005,2019-9-2 20:31:00,171.81,85.905,6.5
582-52-8065,2,1,2,2,2,1,54.31,9,244.395,5132.295,2019-2-22 10:49:00,488.79,244.395,8.9
210-57-1719,2,1,2,2,4,1,58.24,9,26.208,550.368,2019-5-2 12:34:00,524.16,26.208,9.7
399-69-4630,3,2,2,1,1,2,22.21,6,6.663,139.923,2019-7-3 10:23:00,133.26,6.663,8.6
134-75-2619,1,3,1,1,1,1,19.32,7,6.762,142.002,2019-3-25 18:51:00,135.24,6.762,6.9
356-44-8813,2,1,2,1,5,2,37.48,3,5.622,118.062,2019-1-20 13:45:00,112.44,5.622,7.7
198-66-9832,2,1,1,2,2,1,72.04,2,7.204,151.284,2019-4-2 19:38:00,144.08,7.204,9.5
283-26-5248,3,2,1,2,3,3,98.52,10,49.26,1034.46,2019-1-30 20:23:00,985.2,49.26,4.5
712-39-0363,1,3,1,1,3,3,41.66,6,12.498,262.458,2019-2-1 15:24:00,249.96,12.498,5.6
218-59-9410,1,3,1,2,5,3,72.42,3,10.863,228.123,2019-3-29 16:54:00,217.26,10.863,8.2
174-75-0888,2,1,2,1,1,1,21.58,9,9.711,203.931,2019-3-14 12:32:00,194.22,9.711,7.3
866-99-7614,3,2,2,1,3,2,89.2,10,44.6,936.6,2019-11-2 15:42:00,892.0,44.6,4.4
134-54-4720,2,1,2,2,1,3,42.42,8,16.968,356.328,2019-1-30 13:58:00,339.36,16.968,5.7
760-90-2357,1,3,1,1,1,3,74.51,6,22.353,469.413,2019-3-20 15:08:00,447.06,22.353,5.0
514-37-2845,2,1,2,1,2,1,99.25,2,9.925,208.425,2019-3-20 13:02:00,198.5,9.925,9.0
698-98-5964,1,3,2,2,3,2,81.21,10,40.605,852.705,2019-1-17 13:01:00,812.1,40.605,6.3
718-57-9773,3,2,2,2,6,2,49.33,10,24.665,517.965,2019-3-2 16:40:00,493.3,24.665,9.4
651-88-7328,1,3,2,2,2,1,65.74,9,29.583,621.243,2019-1-1 13:55:00,591.66,29.583,7.7
241-11-2261,2,1,2,2,2,2,79.86,7,27.951,586.971,2019-10-1 10:33:00,559.02,27.951,5.5
408-26-9866,3,2,2,2,6,3,73.98,7,25.893,543.753,2019-2-3 16:42:00,517.86,25.893,4.1
834-83-1826,2,1,1,2,5,2,82.04,5,20.51,430.71,2019-2-25 17:16:00,410.2,20.51,7.6
343-61-3544,2,1,1,1,6,1,26.67,10,13.335,280.035,2019-1-29 11:48:00,266.7,13.335,8.6
239-48-4278,1,3,1,1,3,3,10.13,7,35.455,744.555,2019-10-3 19:35:00,70.91,35.455,8.3
355-34-6244,2,1,2,1,3,2,72.39,2,7.239,152.019,2019-1-13 19:55:00,144.78,7.239,8.1
550-84-8664,1,3,2,1,6,2,85.91,5,214.775,4510.275,2019-3-22 14:33:00,429.55,214.775,8.6
339-96-8318,2,1,1,1,2,3,81.31,7,284.585,5976.285,2019-1-3 19:49:00,569.17,284.585,6.3
458-61-0011,2,1,2,1,3,1,60.3,4,12.06,253.26,2019-2-20 18:43:00,241.2,12.06,5.8
592-34-6155,3,2,2,1,3,3,31.77,4,6.354,133.434,2019-1-14 14:43:00,127.08,6.354,6.2
797-88-0493,1,3,2,2,4,1,64.27,4,12.854,269.934,2019-3-26 13:54:00,257.08,12.854,7.7
207-73-1363,2,1,2,1,4,3,69.51,2,6.951,145.971,2019-1-3 12:15:00,139.02,6.951,8.1
390-31-6381,3,2,2,1,3,1,27.22,3,4.083,85.743,2019-7-1 12:37:00,81.66,4.083,7.3
443-82-0585,1,3,1,2,4,1,77.68,4,15.536,326.256,2019-1-2 19:54:00,310.72,15.536,8.4
339-18-7061,3,2,1,2,2,2,92.98,2,9.298,195.258,2019-2-13 15:06:00,185.96,9.298,8.0
359-90-3665,2,1,1,2,2,2,18.08,4,3.616,75.936,2019-1-14 18:03:00,72.32,3.616,9.5
375-72-3056,2,1,2,1,6,3,63.06,3,9.459,198.639,2019-1-19 15:58:00,189.18,9.459,7.0
127-47-6963,1,3,2,1,4,2,51.71,4,10.342,217.182,2019-9-3 13:53:00,206.84,10.342,9.8
278-86-2735,1,3,2,2,3,1,52.34,3,7.851,164.871,2019-3-27 14:03:00,157.02,7.851,9.2
695-28-6250,1,3,2,2,6,3,43.06,5,10.765,226.065,2019-4-2 16:38:00,215.3,10.765,7.7
379-17-6588,3,2,2,1,2,1,59.61,10,29.805,625.905,2019-3-14 11:07:00,596.1,29.805,5.3
227-50-3718,1,3,2,1,4,1,14.62,5,3.655,76.755,2019-4-3 12:23:00,73.1,3.655,4.4
302-15-2162,3,2,1,1,4,2,46.53,6,13.959,293.139,2019-3-3 10:54:00,279.18,13.959,4.3
788-07-8452,3,2,1,2,5,3,24.24,7,8.484,178.164,2019-1-27 17:38:00,169.68,8.484,9.4
560-49-6611,1,3,1,2,6,1,45.58,1,2.279,47.859,2019-7-2 14:13:00,45.58,2.279,9.8
880-35-0356,1,3,1,2,6,3,75.2,3,11.28,236.88,2019-5-2 11:51:00,225.6,11.28,4.8
585-11-6748,2,1,1,1,6,1,96.8,3,14.52,304.92,2019-3-15 13:05:00,290.4,14.52,5.3
470-31-3286,2,1,2,1,4,2,14.82,3,2.223,46.683,2019-1-3 11:30:00,44.46,2.223,8.7
152-68-2907,1,3,2,1,3,2,52.2,3,7.83,164.43,2019-2-15 13:30:00,156.6,7.83,9.5
123-35-4896,3,2,2,2,6,3,46.66,9,20.997,440.937,2019-2-17 19:11:00,419.94,20.997,5.3
258-69-7810,3,2,2,2,2,1,36.85,5,92.125,1934.625,2019-1-26 18:53:00,184.25,92.125,9.2
334-64-2006,1,3,1,2,5,3,70.32,2,7.032,147.672,2019-3-24 14:22:00,140.64,7.032,9.6
219-61-4139,3,2,2,1,1,3,83.08,1,4.154,87.234,2019-1-23 17:16:00,83.08,4.154,6.4
881-41-7302,3,2,2,2,2,2,64.99,1,32.495,682.395,2019-1-26 10:06:00,64.99,32.495,4.5
373-09-4567,3,2,2,1,3,3,77.56,10,38.78,814.38,2019-3-14 20:35:00,775.6,38.78,6.9
642-30-6693,2,1,2,2,6,3,54.51,6,16.353,343.413,2019-3-17 13:54:00,327.06,16.353,7.8
484-22-8230,3,2,1,2,2,1,51.89,7,181.615,3813.915,2019-8-1 20:08:00,363.23,181.615,4.5
830-58-2383,2,1,2,1,5,1,31.75,4,6.35,133.35,2019-8-2 15:26:00,127.0,6.35,8.6
559-98-9873,1,3,1,2,2,3,53.65,7,187.775,3943.275,2019-10-2 12:56:00,375.55,187.775,5.2
544-32-5024,3,2,1,2,3,2,49.79,4,9.958,209.118,2019-3-28 19:16:00,199.16,9.958,6.4
318-12-0304,1,3,2,1,2,3,30.61,1,15.305,321.405,2019-1-23 12:20:00,30.61,15.305,5.2
349-97-8902,2,1,1,1,3,3,57.89,2,5.789,121.569,2019-1-17 10:37:00,115.78,5.789,8.9
421-95-9805,1,3,2,2,1,2,28.96,1,1.448,30.408,2019-7-2 10:18:00,28.96,1.448,6.2
277-35-5865,3,2,1,2,3,1,98.97,9,445.365,9352.665,2019-9-3 11:23:00,890.73,445.365,6.7
789-23-8625,2,1,1,1,2,1,93.22,3,13.983,293.643,2019-1-24 11:45:00,279.66,13.983,7.2
284-54-4231,3,2,1,1,6,2,80.93,1,40.465,849.765,2019-1-19 16:08:00,80.93,40.465,9.0
443-59-0061,1,3,1,1,3,3,67.45,10,33.725,708.225,2019-3-2 11:25:00,674.5,33.725,4.2
509-29-3912,1,3,1,2,6,3,38.72,9,17.424,365.904,2019-3-20 12:24:00,348.48,17.424,4.2
327-40-9673,2,1,1,1,6,1,72.6,6,21.78,457.38,2019-1-13 19:51:00,435.6,21.78,6.9
840-19-2096,3,2,1,1,1,3,87.91,5,219.775,4615.275,2019-3-14 18:10:00,439.55,219.775,4.4
828-46-6863,1,3,1,1,3,2,98.53,6,29.559,620.739,2019-1-23 11:22:00,591.18,29.559,4.0
641-96-3695,3,2,1,2,2,3,43.46,6,13.038,273.798,2019-7-2 17:55:00,260.76,13.038,8.5
420-97-3340,1,3,2,2,3,2,71.68,3,10.752,225.792,2019-3-28 15:30:00,215.04,10.752,9.2
436-54-4512,1,3,1,2,3,1,91.61,1,45.805,961.905,2019-3-20 19:44:00,91.61,45.805,9.8
670-79-6321,2,1,1,2,5,2,94.59,7,331.065,6952.365,2019-1-17 15:27:00,662.13,331.065,4.9
852-62-7105,2,1,2,2,2,2,83.25,10,41.625,874.125,2019-12-1 11:25:00,832.5,41.625,4.4
598-06-7312,2,1,1,1,2,1,91.35,1,45.675,959.175,2019-2-16 15:42:00,91.35,45.675,6.8
135-13-8269,2,1,1,2,3,1,78.88,2,7.888,165.648,2019-1-26 16:04:00,157.76,7.888,9.1
816-57-2053,1,3,2,1,6,3,60.87,2,6.087,127.827,2019-9-3 12:37:00,121.74,6.087,8.7
628-90-8624,2,1,1,1,4,1,82.58,10,41.29,867.09,2019-3-14 14:41:00,825.8,41.29,5.0
856-66-2701,1,3,1,1,5,3,53.3,3,7.995,167.895,2019-1-25 14:19:00,159.9,7.995,7.5
308-39-1707,1,3,2,2,2,2,12.09,1,0.6045,126.945,2019-1-26 18:19:00,12.09,0.6045,8.2
149-61-1929,1,3,2,1,6,2,64.19,10,32.095,673.995,2019-1-19 14:08:00,641.9,32.095,6.7
655-07-2265,1,3,2,1,1,3,78.31,3,117.465,2466.765,2019-5-3 16:38:00,234.93,117.465,5.4
589-02-8023,1,3,1,1,3,2,83.77,2,8.377,175.917,2019-1-15 10:54:00,167.54,8.377,7.0
420-04-7590,2,1,2,1,5,3,99.7,3,14.955,314.055,2019-3-18 11:29:00,299.1,14.955,4.7
182-88-2763,2,1,1,1,3,2,79.91,3,119.865,2517.165,2019-3-20 19:28:00,239.73,119.865,5.0
188-55-0967,2,1,1,1,4,2,66.47,10,33.235,697.935,2019-1-15 15:01:00,664.7,33.235,5.0
610-46-4100,1,3,2,1,4,2,28.95,7,101.325,2127.825,2019-3-3 20:31:00,202.65,101.325,6.0
318-81-2368,3,2,2,2,1,1,46.2,1,2.31,48.51,2019-3-19 12:16:00,46.2,2.31,6.3
364-33-8584,2,1,1,2,3,1,17.63,5,44.075,925.575,2019-8-3 15:27:00,88.15,44.075,8.5
665-63-9737,2,1,2,1,2,3,52.42,3,7.863,165.123,2019-2-27 17:36:00,157.26,7.863,7.5
695-09-5146,2,1,1,2,3,3,98.79,3,148.185,3111.885,2019-2-23 20:00:00,296.37,148.185,6.4
155-45-3814,3,2,1,2,1,3,88.55,8,35.42,743.82,2019-3-19 15:29:00,708.4,35.42,4.7
794-32-2436,2,1,1,1,1,3,55.67,2,5.567,116.907,2019-3-27 15:08:00,111.34,5.567,6.0
131-15-8856,3,2,1,2,3,2,72.52,8,29.008,609.168,2019-3-30 19:26:00,580.16,29.008,4.0
273-84-2164,3,2,1,1,1,3,12.05,5,30.125,632.625,2019-2-16 15:53:00,60.25,30.125,5.5
706-36-6154,1,3,1,1,5,3,19.36,9,8.712,182.952,2019-1-18 18:43:00,174.24,8.712,8.7
778-89-7974,3,2,2,1,4,1,70.21,6,21.063,442.323,2019-3-30 14:58:00,421.26,21.063,7.4
574-31-8277,2,1,1,1,2,1,33.63,1,16.815,353.115,2019-3-20 19:55:00,33.63,16.815,5.6
859-71-0933,3,2,1,2,6,1,15.49,2,1.549,32.529,2019-1-16 15:10:00,30.98,1.549,6.3
740-11-5257,3,2,2,1,1,1,24.74,10,12.37,259.77,2019-2-24 16:44:00,247.4,12.37,7.1
369-82-2676,2,1,2,1,1,3,75.66,5,18.915,397.215,2019-1-15 18:22:00,378.3,18.915,7.8
563-47-4072,2,1,2,2,4,1,55.81,6,16.743,351.603,2019-1-22 11:52:00,334.86,16.743,9.9
742-04-5161,1,3,1,1,5,1,72.78,10,36.39,764.19,2019-3-2 17:24:00,727.8,36.39,7.3
149-15-7606,2,1,1,1,6,3,37.32,9,16.794,352.674,2019-6-3 15:31:00,335.88,16.794,5.1
133-77-3154,2,1,1,1,2,2,60.18,4,12.036,252.756,2019-2-16 18:04:00,240.72,12.036,9.4
169-52-4504,1,3,2,2,1,2,15.69,3,23.535,494.235,2019-3-14 14:13:00,47.07,23.535,5.8
250-81-7186,3,2,2,2,1,2,99.69,1,49.845,1046.745,2019-2-27 10:23:00,99.69,49.845,8.0
562-12-5430,1,3,1,2,2,3,88.15,3,132.225,2776.725,2019-1-18 10:11:00,264.45,132.225,7.9
816-72-8853,1,3,1,2,6,1,27.93,5,69.825,1466.325,2019-1-29 15:48:00,139.65,69.825,5.9
491-38-3499,1,3,1,1,2,2,55.45,1,27.725,582.225,2019-2-26 17:46:00,55.45,27.725,4.9
322-02-2271,2,1,2,2,6,1,42.97,3,64.455,1353.555,2019-3-2 11:46:00,128.91,64.455,9.3
842-29-4695,3,2,1,1,6,2,17.14,7,5.999,125.979,2019-1-16 12:07:00,119.98,5.999,7.9
725-67-2480,2,1,1,2,2,2,58.75,6,17.625,370.125,2019-3-24 18:14:00,352.5,17.625,5.9
641-51-2661,3,2,1,2,3,2,87.1,10,43.55,914.55,2019-12-2 14:45:00,871.0,43.55,9.9
714-02-3114,3,2,2,2,6,1,98.8,2,9.88,207.48,2019-2-21 11:39:00,197.6,9.88,7.7
518-17-2983,1,3,2,2,2,3,48.63,4,9.726,204.246,2019-4-2 15:44:00,194.52,9.726,7.6
779-42-2410,2,1,1,1,3,3,57.74,3,8.661,181.881,2019-2-20 13:06:00,173.22,8.661,7.7
190-14-3147,2,1,2,2,4,3,17.97,4,3.594,75.474,2019-2-23 20:43:00,71.88,3.594,6.4
408-66-6712,3,2,1,2,4,3,47.71,6,14.313,300.573,2019-2-16 14:19:00,286.26,14.313,4.4
679-22-6530,2,1,2,2,6,2,40.62,2,4.062,85.302,2019-1-17 10:01:00,81.24,4.062,4.1
588-47-8641,1,3,1,1,2,3,56.04,10,28.02,588.42,2019-1-14 19:30:00,560.4,28.02,4.4
642-61-4706,2,1,1,1,3,1,93.4,2,9.34,196.14,2019-3-30 16:34:00,186.8,9.34,5.5
576-31-4774,2,1,2,2,4,3,73.41,3,110.115,2312.415,2019-2-3 13:10:00,220.23,110.115,4.0
556-41-6224,3,2,2,1,4,2,33.64,8,13.456,282.576,2019-2-15 17:10:00,269.12,13.456,9.3
811-03-8790,1,3,2,2,1,2,45.48,10,22.74,477.54,2019-1-3 10:22:00,454.8,22.74,4.8
242-11-3142,2,1,1,1,2,1,83.77,2,8.377,175.917,2019-2-24 19:57:00,167.54,8.377,4.6
752-23-3760,2,1,1,2,6,2,64.08,7,22.428,470.988,2019-2-19 19:29:00,448.56,22.428,7.3
274-05-5470,1,3,1,2,3,1,73.47,4,14.694,308.574,2019-2-23 18:30:00,293.88,14.694,6.0
648-94-3045,3,2,2,1,4,3,58.95,10,29.475,618.975,2019-7-2 14:27:00,589.5,29.475,8.1
130-67-4723,1,3,1,1,3,3,48.5,6,14.55,305.55,2019-11-1 13:57:00,291.0,14.55,9.4
528-87-5606,2,1,1,2,1,1,39.48,1,1.974,41.454,2019-12-2 19:43:00,39.48,1.974,6.5
320-85-2052,2,1,2,2,6,2,34.81,1,17.405,365.505,2019-1-14 10:11:00,34.81,17.405,7.0
370-96-0655,3,2,2,2,2,3,49.32,6,14.796,310.716,2019-9-1 13:46:00,295.92,14.796,7.1
105-10-6182,1,3,1,1,2,3,21.48,2,2.148,45.108,2019-2-27 12:22:00,42.96,2.148,6.6
510-79-0415,2,1,1,2,6,3,23.08,6,6.924,145.404,2019-1-24 19:20:00,138.48,6.924,4.9
241-96-5076,2,1,1,2,5,2,49.1,2,4.91,103.11,2019-8-1 12:58:00,98.2,4.91,6.4
767-97-4650,2,1,1,2,6,2,64.83,2,6.483,136.143,2019-8-1 11:59:00,129.66,6.483,8.0
648-83-1321,1,3,1,1,5,1,63.56,10,31.78,667.38,2019-1-16 17:59:00,635.6,31.78,4.3
173-57-2300,3,2,1,1,6,1,72.88,2,7.288,153.048,2019-3-13 12:51:00,145.76,7.288,6.1
305-03-2383,1,3,2,2,3,1,67.1,3,10.065,211.365,2019-2-15 10:36:00,201.3,10.065,7.5
394-55-6384,3,2,1,2,6,1,70.19,9,315.855,6632.955,2019-1-25 13:38:00,631.71,315.855,6.7
266-20-6657,3,2,1,1,3,3,55.04,7,19.264,404.544,2019-12-3 19:39:00,385.28,19.264,5.2
689-05-1884,1,3,1,1,4,1,48.63,10,24.315,510.615,2019-4-3 12:44:00,486.3,24.315,8.8
196-01-2849,3,2,1,2,2,1,73.38,7,25.683,539.343,2019-10-2 13:56:00,513.66,25.683,9.5
372-62-5264,3,2,2,2,3,1,52.6,9,23.67,497.07,2019-1-16 14:42:00,473.4,23.67,7.6
800-09-8606,1,3,1,2,5,1,87.37,5,218.425,4586.925,2019-1-29 19:45:00,436.85,218.425,6.6
182-52-7000,1,3,1,2,6,3,27.04,4,5.408,113.568,2019-1-1 20:26:00,108.16,5.408,6.9
826-58-8051,2,1,2,1,5,3,62.19,4,12.438,261.198,2019-6-1 19:46:00,248.76,12.438,4.3
868-06-0466,1,3,1,1,1,2,69.58,9,31.311,657.531,2019-2-19 19:38:00,626.22,31.311,7.8
751-41-9720,3,2,2,1,5,3,97.5,10,48.75,1023.75,2019-12-1 16:18:00,975.0,48.75,8.0
626-43-7888,3,2,2,2,2,3,60.41,8,24.164,507.444,2019-7-2 12:23:00,483.28,24.164,9.6
176-64-7711,2,1,2,1,3,2,32.32,3,4.848,101.808,2019-3-27 19:11:00,96.96,4.848,4.3
191-29-0321,2,1,1,2,2,2,19.77,10,9.885,207.585,2019-2-27 18:57:00,197.7,9.885,5.0
729-06-2010,2,1,1,1,4,1,80.47,9,362.115,7604.415,2019-6-1 11:18:00,724.23,362.115,9.2
640-48-5028,2,1,1,2,5,1,88.39,9,397.755,8352.855,2019-2-3 12:40:00,795.51,397.755,6.3
186-79-9562,2,1,2,1,4,1,71.77,7,251.195,5275.095,2019-3-29 14:06:00,502.39,251.195,8.9
834-45-5519,2,1,2,2,1,3,43.0,4,8.6,180.6,2019-1-31 20:48:00,172.0,8.6,7.6
162-65-8559,3,2,1,1,3,1,68.98,1,3.449,72.429,2019-1-21 20:13:00,68.98,3.449,4.8
760-27-5490,3,2,2,1,2,3,15.62,8,6.248,131.208,2019-1-20 20:37:00,124.96,6.248,9.1
445-30-9252,1,3,2,1,6,3,25.7,3,3.855,80.955,2019-1-17 17:59:00,77.1,3.855,6.1
786-94-2700,1,3,1,1,3,1,80.62,6,24.186,507.906,2019-2-28 20:18:00,483.72,24.186,9.1
728-88-7867,3,2,1,2,5,3,75.53,4,15.106,317.226,2019-3-19 15:52:00,302.12,15.106,8.3
183-21-3799,3,2,2,2,1,3,77.63,9,349.335,7336.035,2019-2-19 15:14:00,698.67,349.335,7.2
268-20-3585,3,2,2,2,4,3,13.85,9,62.325,1308.825,2019-4-2 12:50:00,124.65,62.325,6.0
735-32-9839,3,2,1,1,2,3,98.7,8,39.48,829.08,2019-1-31 10:36:00,789.6,39.48,8.5
258-92-7466,1,3,2,2,4,2,35.68,5,8.92,187.32,2019-6-2 18:33:00,178.4,8.92,6.6
857-16-3520,1,3,1,2,2,3,71.46,7,25.011,525.231,2019-3-28 16:06:00,500.22,25.011,4.5
482-17-1179,1,3,1,1,1,2,11.94,3,1.791,37.611,2019-1-19 12:47:00,35.82,1.791,8.1
788-21-5741,1,3,2,1,2,2,45.38,3,6.807,142.947,2019-2-17 13:34:00,136.14,6.807,7.2
821-14-9046,2,1,1,2,2,2,17.48,6,5.244,110.124,2019-1-18 15:04:00,104.88,5.244,6.1
418-05-0656,2,1,2,2,2,1,25.56,7,8.946,187.866,2019-2-2 20:42:00,178.92,8.946,7.1
678-79-0726,3,2,1,2,6,1,90.63,9,407.835,8564.535,2019-1-18 15:28:00,815.67,407.835,5.1
776-68-1096,2,1,2,1,5,2,44.12,3,6.618,138.978,2019-3-18 13:45:00,132.36,6.618,7.9
592-46-1692,3,2,1,2,3,1,36.77,7,128.695,2702.595,2019-11-1 20:10:00,257.39,128.695,7.4
434-35-9162,2,1,1,1,3,3,23.34,4,4.668,98.028,2019-4-2 18:53:00,93.36,4.668,7.4
149-14-0304,3,2,1,2,4,1,28.5,8,11.4,239.4,2019-6-2 14:24:00,228.0,11.4,6.6
442-44-6497,3,2,1,1,5,2,55.57,3,83.355,1750.455,2019-8-1 11:42:00,166.71,83.355,5.9
174-64-0215,2,1,2,1,6,2,69.74,10,34.87,732.27,2019-5-3 17:49:00,697.4,34.87,8.9
210-74-9613,3,2,2,1,2,3,97.26,4,19.452,408.492,2019-3-16 15:33:00,389.04,19.452,6.8
299-29-0180,2,1,1,2,5,1,52.18,7,18.263,383.523,2019-9-3 10:54:00,365.26,18.263,9.3
247-11-2470,1,3,1,2,2,2,22.32,4,4.464,93.744,2019-1-3 16:23:00,89.28,4.464,4.4
635-28-5728,1,3,2,1,4,3,56.0,3,8.4,176.4,2019-2-28 19:33:00,168.0,8.4,4.8
756-49-0168,1,3,1,1,2,3,19.7,1,0.985,20.685,2019-8-2 11:39:00,19.7,0.985,9.5
438-23-1242,2,1,2,1,1,3,75.88,7,26.558,557.718,2019-1-24 10:38:00,531.16,26.558,8.9
238-45-6950,2,1,1,1,3,3,53.72,1,2.686,56.406,2019-1-3 20:03:00,53.72,2.686,6.4
607-65-2441,3,2,1,1,4,2,81.95,10,40.975,860.475,2019-10-3 12:39:00,819.5,40.975,6.0
386-27-7606,3,2,1,2,5,2,81.2,7,28.42,596.82,2019-3-23 15:59:00,568.4,28.42,8.1
137-63-5492,3,2,2,1,1,3,58.76,10,29.38,616.98,2019-1-29 14:26:00,587.6,29.38,9.0
197-77-7132,2,1,1,1,1,3,91.56,8,36.624,769.104,2019-12-1 18:22:00,732.48,36.624,6.0
805-86-0265,1,3,2,1,5,1,93.96,9,42.282,887.922,2019-3-20 11:32:00,845.64,42.282,9.8
733-29-1227,3,2,2,1,5,1,55.61,7,194.635,4087.335,2019-3-23 12:41:00,389.27,194.635,8.5
451-73-2711,3,2,2,1,3,3,84.83,1,42.415,890.715,2019-1-14 15:20:00,84.83,42.415,8.8
373-14-0504,1,3,1,2,6,3,71.63,2,7.163,150.423,2019-12-2 14:33:00,143.26,7.163,8.8
546-80-2899,1,3,1,1,5,3,37.69,2,3.769,79.149,2019-2-20 15:29:00,75.38,3.769,9.5
345-68-9016,3,2,1,2,6,2,31.67,8,12.668,266.028,2019-2-1 16:19:00,253.36,12.668,5.6
390-17-5806,3,2,1,2,3,1,38.42,1,1.921,40.341,2019-2-2 16:33:00,38.42,1.921,8.6
457-13-1708,2,1,1,1,2,2,65.23,10,32.615,684.915,2019-8-1 19:07:00,652.3,32.615,5.2
664-14-2882,3,2,1,2,5,2,10.53,5,26.325,552.825,2019-1-30 14:43:00,52.65,26.325,5.8
487-79-6868,2,1,1,2,5,2,12.29,9,55.305,1161.405,2019-3-26 19:28:00,110.61,55.305,8.0
314-23-4520,3,2,1,1,4,1,81.23,7,284.305,5970.405,2019-1-15 20:44:00,568.61,284.305,9.0
210-30-7976,2,1,1,2,2,3,22.32,4,4.464,93.744,2019-3-14 11:16:00,89.28,4.464,4.1
585-86-8361,1,3,2,2,3,2,27.28,5,6.82,143.22,2019-3-2 10:31:00,136.4,6.82,8.6
807-14-7833,1,3,1,2,1,3,17.42,10,8.71,182.91,2019-2-22 12:30:00,174.2,8.71,7.0
775-72-1988,2,1,2,1,5,3,73.28,5,18.32,384.72,2019-1-24 15:05:00,366.4,18.32,8.4
288-38-3758,3,2,1,2,2,3,84.87,3,127.305,2673.405,2019-1-25 18:30:00,254.61,127.305,7.4
652-43-6591,1,3,2,2,2,2,97.29,8,38.916,817.236,2019-9-3 13:18:00,778.32,38.916,6.2
785-96-0615,2,1,1,2,1,3,35.74,8,14.296,300.216,2019-2-17 15:28:00,285.92,14.296,4.9
406-46-7107,1,3,2,2,5,1,96.52,6,28.956,608.076,2019-11-1 11:52:00,579.12,28.956,4.5
250-17-5703,1,3,1,1,3,3,18.85,10,9.425,197.925,2019-2-27 18:24:00,188.5,9.425,5.6
156-95-3964,1,3,2,2,3,3,55.39,4,11.078,232.638,2019-3-25 15:19:00,221.56,11.078,8.0
842-40-8179,2,1,1,2,3,2,77.2,10,38.6,810.6,2019-11-2 10:38:00,772.0,38.6,5.6
525-09-8450,2,1,2,1,1,2,72.13,10,36.065,757.365,2019-1-31 15:12:00,721.3,36.065,4.2
410-67-1709,1,3,1,2,2,3,63.88,8,25.552,536.592,2019-1-20 17:48:00,511.04,25.552,9.9
587-73-4862,1,3,1,2,4,3,10.69,5,26.725,561.225,2019-3-26 11:07:00,53.45,26.725,7.6
787-87-2010,1,3,1,1,4,2,55.5,4,11.1,233.1,2019-1-20 15:48:00,222.0,11.1,6.6
593-14-4239,2,1,2,2,5,3,95.46,8,38.184,801.864,2019-5-3 19:40:00,763.68,38.184,4.7
801-88-0346,3,2,2,2,2,2,76.06,3,11.409,239.589,2019-5-1 20:30:00,228.18,11.409,9.8
388-76-2555,2,1,2,1,6,1,13.69,6,4.107,86.247,2019-2-13 13:59:00,82.14,4.107,6.3
711-31-1234,2,1,2,2,1,1,95.64,4,19.128,401.688,2019-3-16 18:51:00,382.56,19.128,7.9
886-54-6089,1,3,2,2,5,1,11.43,6,3.429,72.009,2019-1-15 17:24:00,68.58,3.429,7.7
707-32-7409,2,1,1,2,6,3,95.54,4,19.108,401.268,2019-2-26 11:58:00,382.16,19.108,4.5
759-98-4285,3,2,1,2,4,2,85.87,7,300.545,6311.445,2019-2-27 19:01:00,601.09,300.545,8.0
201-63-8275,3,2,1,2,6,3,67.99,7,237.965,4997.265,2019-2-17 16:50:00,475.93,237.965,5.7
471-06-8611,3,2,2,2,3,2,52.42,1,2.621,55.041,2019-6-2 10:22:00,52.42,2.621,6.3
200-16-5952,3,2,1,1,3,1,65.65,2,6.565,137.865,2019-1-17 16:46:00,131.3,6.565,6.0
120-54-2248,2,1,2,2,3,2,28.86,5,7.215,151.515,2019-1-22 18:08:00,144.3,7.215,8.0
102-77-2261,3,2,1,1,4,2,65.31,7,228.585,4800.285,2019-5-3 18:02:00,457.17,228.585,4.2
875-31-8302,2,1,2,1,6,1,93.38,1,4.669,98.049,2019-3-1 13:07:00,93.38,4.669,9.6
102-06-2002,3,2,1,1,6,1,25.25,5,63.125,1325.625,2019-3-20 17:52:00,126.25,63.125,6.1
457-94-0464,2,1,1,1,1,3,87.87,9,395.415,8303.715,2019-1-31 20:32:00,790.83,395.415,5.6
629-42-4133,3,2,2,1,4,1,21.8,8,8.72,183.12,2019-2-19 19:24:00,174.4,8.72,8.3
534-53-3526,1,3,2,2,6,3,94.76,4,18.952,397.992,2019-11-2 16:06:00,379.04,18.952,7.8
307-04-2070,1,3,1,2,2,2,30.62,1,1.531,32.151,2019-5-2 14:14:00,30.62,1.531,4.1
468-99-7231,3,2,2,2,5,1,44.01,8,17.604,369.684,2019-3-3 17:36:00,352.08,17.604,8.8
516-77-6464,3,2,1,2,4,3,10.16,5,2.54,53.34,2019-2-24 13:08:00,50.8,2.54,4.1
404-91-5964,1,3,2,1,1,2,74.58,7,26.103,548.163,2019-4-2 16:09:00,522.06,26.103,9.0
886-77-9084,3,2,2,1,1,3,71.89,8,28.756,603.876,2019-2-19 11:33:00,575.12,28.756,5.5
790-38-4466,3,2,2,2,4,2,10.99,5,27.475,576.975,2019-1-23 10:18:00,54.95,27.475,9.3
704-10-4056,3,2,1,1,4,2,60.47,3,90.705,1904.805,2019-1-14 10:55:00,181.41,90.705,5.6
497-37-6538,1,3,2,1,6,3,58.91,7,206.185,4329.885,2019-1-17 15:15:00,412.37,206.185,9.7
651-96-5970,1,3,2,1,2,2,46.41,1,23.205,487.305,2019-3-3 20:06:00,46.41,23.205,4.0
400-80-4065,3,2,1,1,4,2,68.55,4,13.71,287.91,2019-2-15 20:21:00,274.2,13.71,9.2
744-16-7898,2,1,2,2,5,2,97.37,10,48.685,1022.385,2019-1-15 13:48:00,973.7,48.685,4.9
263-12-5321,1,3,1,1,1,2,92.6,7,32.41,680.61,2019-2-27 12:52:00,648.2,32.41,9.3
702-72-0487,1,3,2,2,1,2,46.61,2,4.661,97.881,2019-2-26 12:28:00,93.22,4.661,6.6
605-83-1050,2,1,2,1,2,3,27.18,2,2.718,57.078,2019-3-15 16:26:00,54.36,2.718,4.3
443-60-9639,3,2,1,2,5,1,60.87,1,30.435,639.135,2019-1-24 13:24:00,60.87,30.435,5.5
864-24-7918,1,3,1,2,6,1,24.49,10,12.245,257.145,2019-2-22 15:15:00,244.9,12.245,8.1
359-94-5395,2,1,2,1,4,2,92.78,1,4.639,97.419,2019-3-15 10:50:00,92.78,4.639,9.8
401-09-4232,3,2,1,1,5,3,86.69,5,216.725,4551.225,2019-11-2 18:38:00,433.45,216.725,9.4
751-15-6198,2,1,2,1,6,3,23.01,6,6.903,144.963,2019-12-1 16:45:00,138.06,6.903,7.9
324-41-6833,3,2,1,2,1,3,30.2,8,12.08,253.68,2019-3-3 19:30:00,241.6,12.08,5.1
474-33-8305,3,2,1,1,2,3,67.39,7,235.865,4953.165,2019-3-23 13:23:00,471.73,235.865,6.9
759-29-9521,1,3,1,2,2,1,48.96,9,22.032,462.672,2019-4-3 11:27:00,440.64,22.032,8.0
831-81-6575,2,1,1,2,1,1,75.59,9,340.155,7143.255,2019-2-23 11:12:00,680.31,340.155,8.0
220-68-6701,1,3,2,2,5,1,77.47,4,15.494,325.374,2019-3-17 16:36:00,309.88,15.494,4.2
618-34-8551,1,3,2,2,6,2,93.18,2,9.318,195.678,2019-1-16 18:41:00,186.36,9.318,8.5
257-60-7754,1,3,2,2,1,1,50.23,4,10.046,210.966,2019-8-1 17:12:00,200.92,10.046,9.0
559-61-5987,2,1,2,2,4,1,17.75,1,0.8875,186.375,2019-1-14 10:38:00,17.75,0.8875,8.6
189-55-2313,3,2,2,2,2,3,62.18,10,31.09,652.89,2019-1-31 10:33:00,621.8,31.09,6.0
565-91-4567,2,1,2,1,4,3,10.75,8,4.3,90.3,2019-3-15 14:38:00,86.0,4.3,6.2
380-60-5336,1,3,2,2,1,2,40.26,10,20.13,422.73,2019-2-24 18:06:00,402.6,20.13,5.0
815-04-6282,3,2,1,2,6,2,64.97,5,162.425,3410.925,2019-8-2 12:52:00,324.85,162.425,6.5
674-56-6360,1,3,2,1,1,1,95.15,1,47.575,999.075,2019-3-22 14:00:00,95.15,47.575,6.0
778-34-2523,1,3,1,2,1,1,48.62,8,19.448,408.408,2019-1-24 10:57:00,388.96,19.448,5.0
499-27-7781,2,1,2,2,3,3,53.21,8,21.284,446.964,2019-3-14 16:45:00,425.68,21.284,5.0
477-59-2456,3,2,2,2,2,1,45.44,7,15.904,333.984,2019-1-23 11:15:00,318.08,15.904,9.2
832-51-6761,1,3,2,1,3,3,33.88,8,13.552,284.592,2019-1-19 20:29:00,271.04,13.552,9.6
869-11-3082,2,1,1,1,4,2,96.16,4,19.232,403.872,2019-1-27 20:03:00,384.64,19.232,8.4
190-59-3964,2,1,1,1,3,2,47.16,5,11.79,247.59,2019-3-2 14:35:00,235.8,11.79,6.0
366-43-6862,2,1,2,1,1,3,52.89,4,10.578,222.138,2019-3-25 16:32:00,211.56,10.578,6.7
186-43-8965,1,3,1,2,5,2,47.68,2,4.768,100.128,2019-2-24 10:10:00,95.36,4.768,4.1
784-21-9238,3,2,1,1,6,1,10.17,1,0.5085,106.785,2019-7-2 14:15:00,10.17,0.5085,5.9
276-75-6884,1,3,2,2,4,1,68.71,3,103.065,2164.365,2019-4-3 10:05:00,206.13,103.065,8.7
109-86-4363,2,1,1,2,6,2,60.08,7,21.028,441.588,2019-2-14 11:36:00,420.56,21.028,4.5
569-76-2760,1,3,1,2,6,2,22.01,4,4.402,92.442,2019-1-29 18:15:00,88.04,4.402,6.6
222-42-0244,2,1,1,2,4,2,72.11,9,324.495,6814.395,2019-1-28 13:53:00,648.99,324.495,7.7
760-53-9233,1,3,1,1,2,2,41.28,3,6.192,130.032,2019-3-26 18:37:00,123.84,6.192,8.5
538-22-0304,3,2,2,1,1,1,64.95,10,32.475,681.975,2019-3-24 18:27:00,649.5,32.475,5.2
416-17-9926,1,3,1,2,1,2,74.22,10,37.11,779.31,2019-1-1 14:42:00,742.2,37.11,4.3
237-44-6163,1,3,2,1,1,1,10.56,8,4.224,88.704,2019-1-24 17:43:00,84.48,4.224,7.6
636-17-0325,2,1,2,1,4,1,62.57,4,12.514,262.794,2019-2-25 18:37:00,250.28,12.514,9.5
343-75-9322,2,1,1,2,6,1,11.85,8,4.74,99.54,2019-9-1 16:34:00,94.8,4.74,4.1
528-14-9470,1,3,1,1,4,3,91.3,1,4.565,95.865,2019-2-14 14:42:00,91.3,4.565,9.2
427-45-9297,2,1,1,2,5,3,40.73,7,142.555,2993.655,2019-12-3 11:01:00,285.11,142.555,5.4
807-34-3742,1,3,2,1,2,1,52.38,1,2.619,54.999,2019-3-26 19:44:00,52.38,2.619,5.8
288-62-1085,1,3,1,1,2,3,38.54,5,9.635,202.335,2019-9-1 13:34:00,192.7,9.635,5.6
670-71-7306,2,1,2,1,6,2,44.63,6,13.389,281.169,2019-2-1 20:08:00,267.78,13.389,5.1
660-29-7083,3,2,2,1,1,1,55.87,10,27.935,586.635,2019-1-15 15:01:00,558.7,27.935,5.8
271-77-8740,3,2,1,2,6,3,29.22,6,8.766,184.086,2019-1-1 11:40:00,175.32,8.766,5.0
497-36-0989,1,3,2,1,2,1,51.94,3,7.791,163.611,2019-2-15 15:21:00,155.82,7.791,7.9
291-59-1384,2,1,2,1,1,1,60.3,1,3.015,63.315,2019-2-28 17:38:00,60.3,3.015,6.0
860-73-6466,1,3,1,2,6,2,39.47,2,3.947,82.887,2019-2-3 16:16:00,78.94,3.947,5.0
549-23-9016,3,2,1,2,3,2,14.87,2,1.487,31.227,2019-2-13 18:15:00,29.74,1.487,8.9
896-34-0956,1,3,2,1,2,1,21.32,1,1.066,22.386,2019-1-26 12:43:00,21.32,1.066,5.9
804-38-3935,1,3,1,1,1,2,93.78,3,14.067,295.407,2019-1-30 11:32:00,281.34,14.067,5.9
585-90-0249,1,3,1,1,1,3,73.26,1,3.663,76.923,2019-1-27 18:08:00,73.26,3.663,9.7
862-29-5914,3,2,2,2,6,2,22.38,1,1.119,23.499,2019-1-30 17:08:00,22.38,1.119,8.6
845-94-6841,3,2,1,2,3,1,72.88,9,32.796,688.716,2019-8-1 19:38:00,655.92,32.796,4.0
125-45-2293,1,3,2,2,2,1,99.1,6,29.73,624.33,2019-1-19 13:11:00,594.6,29.73,4.2
843-73-4724,1,3,2,1,2,1,74.1,1,3.705,77.805,2019-1-25 11:05:00,74.1,3.705,9.2
409-33-9708,1,3,2,2,2,3,98.48,2,9.848,206.808,2019-2-19 10:12:00,196.96,9.848,9.2
658-66-3967,3,2,2,1,4,3,53.19,7,186.165,3909.465,2019-1-14 15:42:00,372.33,186.165,5.0
866-70-2814,2,1,2,2,1,3,52.79,10,26.395,554.295,2019-2-25 11:58:00,527.9,26.395,10.0
160-22-2687,1,3,1,2,4,3,95.95,5,239.875,5037.375,2019-1-23 14:21:00,479.75,239.875,8.8
895-03-6665,2,1,2,2,2,1,36.51,9,164.295,3450.195,2019-2-16 10:52:00,328.59,164.295,4.2
770-42-8960,2,1,2,1,3,1,21.12,8,8.448,177.408,2019-1-1 19:31:00,168.96,8.448,6.3
748-45-2862,1,3,1,2,5,1,28.31,4,5.662,118.902,2019-7-3 18:35:00,113.24,5.662,8.2
234-36-2483,2,1,2,1,4,1,57.59,6,17.277,362.817,2019-2-15 13:51:00,345.54,17.277,5.1
316-66-3011,1,3,1,2,3,1,47.63,9,214.335,4501.035,2019-1-23 12:35:00,428.67,214.335,5.0
848-95-6252,3,2,1,2,5,3,86.27,1,43.135,905.835,2019-2-20 13:24:00,86.27,43.135,7.0
840-76-5966,1,3,1,1,6,3,12.76,2,1.276,26.796,2019-8-1 18:06:00,25.52,1.276,7.8
152-03-4217,2,1,2,2,5,2,11.28,9,5.076,106.596,2019-3-17 11:55:00,101.52,5.076,4.3
533-66-5566,2,1,2,2,5,1,51.07,7,178.745,3753.645,2019-12-1 11:42:00,357.49,178.745,7.0
124-31-1458,1,3,1,2,1,1,79.59,3,119.385,2507.085,2019-8-1 14:30:00,238.77,119.385,6.6
176-78-1170,3,2,1,1,4,3,33.81,3,50.715,1065.015,2019-1-26 15:11:00,101.43,50.715,7.3
361-59-0574,2,1,1,1,6,2,90.53,8,36.212,760.452,2019-3-15 14:48:00,724.24,36.212,6.5
101-81-4070,3,2,1,2,4,3,62.82,2,6.282,131.922,2019-1-17 12:36:00,125.64,6.282,4.9
631-34-1880,3,2,1,1,3,2,24.31,3,36.465,765.765,2019-8-1 19:09:00,72.93,36.465,4.3
852-82-2749,1,3,2,1,6,3,64.59,4,12.918,271.278,2019-6-1 13:35:00,258.36,12.918,9.3
873-14-6353,1,3,1,1,3,2,24.82,7,8.687,182.427,2019-2-16 10:33:00,173.74,8.687,7.1
584-66-4073,3,2,2,1,2,3,56.5,1,2.825,59.325,2019-3-13 15:45:00,56.5,2.825,9.6
544-55-9589,2,1,1,2,1,1,21.43,10,10.715,225.015,2019-1-28 11:51:00,214.3,10.715,6.2
166-19-2553,1,3,1,1,6,1,89.06,6,26.718,561.078,2019-1-18 17:26:00,534.36,26.718,9.9
737-88-5876,1,3,1,1,5,2,23.29,4,4.658,97.818,2019-3-19 11:52:00,93.16,4.658,5.9
154-87-7367,3,2,2,1,5,3,65.26,8,26.104,548.184,2019-3-15 14:04:00,522.08,26.104,6.3
885-56-0389,3,2,1,1,2,1,52.35,1,26.175,549.675,2019-12-2 17:49:00,52.35,26.175,4.0
608-05-3804,2,1,1,1,1,1,39.75,1,19.875,417.375,2019-2-25 20:19:00,39.75,19.875,6.1
448-61-3783,1,3,2,2,1,2,90.02,8,36.008,756.168,2019-3-21 16:08:00,720.16,36.008,4.5
761-49-0439,2,1,1,2,1,3,12.1,8,4.84,101.64,2019-1-19 10:17:00,96.8,4.84,8.6
490-95-0021,2,1,1,2,3,3,33.21,10,16.605,348.705,2019-8-1 14:25:00,332.1,16.605,6.0
115-38-7388,3,2,1,2,2,2,10.18,8,4.072,85.512,2019-3-30 12:51:00,81.44,4.072,9.5
311-13-6971,2,1,1,1,6,2,31.99,10,15.995,335.895,2019-2-20 15:18:00,319.9,15.995,9.9
291-55-6563,1,3,1,2,5,3,34.42,6,10.326,216.846,2019-3-30 12:45:00,206.52,10.326,7.5
548-48-3156,1,3,1,2,3,1,83.34,2,8.334,175.014,2019-3-19 13:37:00,166.68,8.334,7.6
460-93-5834,1,3,2,1,6,1,45.58,7,15.953,335.013,2019-1-13 10:03:00,319.06,15.953,5.0
325-89-4209,1,3,1,1,3,3,87.9,1,4.395,92.295,2019-5-2 19:42:00,87.9,4.395,6.7
884-80-6021,1,3,1,2,1,3,73.47,10,36.735,771.435,2019-3-23 13:14:00,734.7,36.735,9.5
137-74-8729,3,2,2,2,2,3,12.19,8,4.876,102.396,2019-3-13 12:47:00,97.52,4.876,6.8
880-46-5796,1,3,1,1,6,3,76.92,10,38.46,807.66,2019-3-17 19:53:00,769.2,38.46,5.6
389-70-2397,3,2,2,2,4,1,83.66,5,20.915,439.215,2019-2-21 10:26:00,418.3,20.915,7.2
114-35-5271,2,1,2,2,1,1,57.91,8,23.164,486.444,2019-7-2 15:06:00,463.28,23.164,8.1
607-76-6216,3,2,1,2,2,2,92.49,5,231.225,4855.725,2019-2-3 16:35:00,462.45,231.225,8.6
715-20-1673,2,1,2,1,1,1,28.38,5,7.095,148.995,2019-6-3 20:57:00,141.9,7.095,9.4
811-35-1094,2,1,1,1,1,2,50.45,6,15.135,317.835,2019-6-2 15:16:00,302.7,15.135,8.9
699-88-1972,2,1,2,1,4,2,99.16,8,39.664,832.944,2019-1-28 17:47:00,793.28,39.664,4.2
781-84-8059,3,2,2,1,2,3,60.74,7,21.259,446.439,2019-1-18 16:23:00,425.18,21.259,5.0
409-49-6995,3,2,1,2,3,1,47.27,6,14.181,297.801,2019-5-2 10:17:00,283.62,14.181,8.8
725-54-0677,3,2,1,1,4,1,85.6,7,29.96,629.16,2019-2-3 13:50:00,599.2,29.96,5.3
146-09-5432,1,3,1,1,3,3,35.04,9,15.768,331.128,2019-9-2 19:17:00,315.36,15.768,4.6
377-79-7592,3,2,1,2,1,2,44.84,9,20.178,423.738,2019-1-14 14:00:00,403.56,20.178,7.5
509-10-0516,2,1,2,1,5,3,45.97,4,9.194,193.074,2019-9-2 12:02:00,183.88,9.194,5.1
595-94-9924,1,3,1,2,4,2,27.73,5,69.325,1455.825,2019-3-26 20:21:00,138.65,69.325,4.2
865-41-9075,1,3,2,1,3,1,11.53,7,40.355,847.455,2019-1-28 17:35:00,80.71,40.355,8.1
545-07-8534,3,2,2,2,4,3,58.32,2,5.832,122.472,2019-2-14 12:42:00,116.64,5.832,6.0
118-62-1812,3,2,1,2,5,1,78.38,4,15.676,329.196,2019-3-24 17:56:00,313.52,15.676,7.9
450-42-3339,3,2,2,1,4,2,84.61,10,42.305,888.405,2019-9-2 18:58:00,846.1,42.305,8.8
851-98-3555,2,1,2,2,4,2,82.88,5,20.72,435.12,2019-3-24 14:08:00,414.4,20.72,6.6
186-71-5196,1,3,1,2,3,3,79.54,2,7.954,167.034,2019-3-27 16:30:00,159.08,7.954,6.2
624-01-8356,2,1,2,2,5,2,49.01,10,24.505,514.605,2019-1-27 10:44:00,490.1,24.505,4.2
313-66-9943,2,1,1,2,3,2,29.15,3,43.725,918.225,2019-3-27 20:29:00,87.45,43.725,7.3
151-27-8496,3,2,2,2,1,3,56.13,4,11.226,235.746,2019-1-19 11:43:00,224.52,11.226,8.6
453-33-6436,1,3,2,2,5,1,93.12,8,37.248,782.208,2019-7-2 10:09:00,744.96,37.248,6.8
522-57-8364,1,3,1,1,2,3,51.34,8,20.536,431.256,2019-1-31 10:00:00,410.72,20.536,7.6
459-45-2396,1,3,1,2,3,1,99.6,3,14.94,313.74,2019-2-25 18:45:00,298.8,14.94,5.8
717-96-4189,3,2,2,2,1,1,35.49,6,10.647,223.587,2019-2-2 12:40:00,212.94,10.647,4.1
722-13-2115,3,2,1,1,6,2,42.85,1,21.425,449.925,2019-3-14 15:36:00,42.85,21.425,9.3
749-81-8133,1,3,2,2,2,1,94.67,4,18.934,397.614,2019-11-3 12:04:00,378.68,18.934,6.8
777-67-2495,2,1,2,1,5,3,68.97,3,103.455,2172.555,2019-2-22 11:26:00,206.91,103.455,8.7
636-98-3364,2,1,1,2,1,3,26.26,3,3.939,82.719,2019-2-3 12:36:00,78.78,3.939,6.3
246-55-6923,3,2,1,2,5,2,35.79,9,161.055,3382.155,2019-10-3 15:06:00,322.11,161.055,5.1
181-82-6255,2,1,2,2,5,1,16.37,6,4.911,103.131,2019-8-2 10:58:00,98.22,4.911,7.0
838-02-1821,3,2,1,2,5,2,12.73,2,1.273,26.733,2019-2-22 12:10:00,25.46,1.273,5.2
887-42-0517,3,2,2,2,6,2,83.14,7,29.099,611.079,2019-10-1 10:31:00,581.98,29.099,6.6
457-12-0244,3,2,1,2,6,3,35.22,6,10.566,221.886,2019-3-14 13:49:00,211.32,10.566,6.5
226-34-0034,2,1,2,2,1,3,13.78,4,2.756,57.876,2019-10-1 11:10:00,55.12,2.756,9.0
321-49-7382,2,1,1,1,6,2,88.31,1,44.155,927.255,2019-2-15 17:38:00,88.31,44.155,5.2
397-25-8725,1,3,1,2,4,2,39.62,9,17.829,374.409,2019-1-13 17:54:00,356.58,17.829,6.8
431-66-2305,2,1,2,2,1,2,88.25,9,397.125,8339.625,2019-2-15 20:51:00,794.25,397.125,7.6
825-94-5922,2,1,2,1,6,3,25.31,2,2.531,53.151,2019-2-3 19:26:00,50.62,2.531,7.2
641-62-7288,2,1,2,1,5,3,99.92,6,29.976,629.496,2019-3-24 13:33:00,599.52,29.976,7.1
756-93-1854,3,2,1,2,2,2,83.35,2,8.335,175.035,2019-2-2 14:05:00,166.7,8.335,9.5
243-55-8457,1,3,2,2,3,3,74.44,10,37.22,781.62,2019-2-27 11:40:00,744.4,37.22,5.1
458-10-8612,3,2,2,1,4,3,64.08,7,22.428,470.988,2019-1-20 12:27:00,448.56,22.428,7.6
501-61-1753,2,1,2,2,5,3,63.15,6,18.945,397.845,2019-3-1 20:24:00,378.9,18.945,9.8
235-06-8510,3,2,1,1,5,3,85.72,3,12.858,270.018,2019-1-24 20:59:00,257.16,12.858,5.1
433-08-7822,3,2,2,2,4,3,78.89,7,276.115,5798.415,2019-5-1 19:48:00,552.23,276.115,7.5
361-85-2571,1,3,2,2,6,1,89.48,5,22.37,469.77,2019-3-30 10:18:00,447.4,22.37,7.4
131-70-8179,1,3,1,2,4,1,92.09,3,138.135,2900.835,2019-2-17 16:27:00,276.27,138.135,4.2
500-02-2261,3,2,2,2,3,3,57.29,6,17.187,360.927,2019-3-21 17:04:00,343.74,17.187,5.9
720-72-2436,1,3,2,1,3,3,66.52,4,13.304,279.384,2019-2-3 18:14:00,266.08,13.304,6.9
702-83-5291,3,2,1,1,2,1,99.82,9,44.919,943.299,2019-3-27 10:43:00,898.38,44.919,6.6
809-69-9497,1,3,2,2,5,3,45.68,10,22.84,479.64,2019-1-19 19:30:00,456.8,22.84,5.7
449-16-6770,1,3,2,1,4,2,50.79,5,126.975,2666.475,2019-2-19 14:53:00,253.95,126.975,5.3
333-23-2632,1,3,1,1,4,1,10.08,7,3.528,74.088,2019-3-28 20:14:00,70.56,3.528,4.2
489-82-1237,1,3,2,2,1,2,93.88,7,32.858,690.018,2019-5-1 11:51:00,657.16,32.858,7.3
859-97-6048,3,2,1,1,1,2,84.25,2,8.425,176.925,2019-3-26 14:13:00,168.5,8.425,5.3
676-10-2200,2,1,1,1,2,3,53.78,1,2.689,56.469,2019-3-2 20:13:00,53.78,2.689,4.7
373-88-1424,3,2,1,1,5,3,35.81,5,89.525,1880.025,2019-6-2 18:44:00,179.05,89.525,7.9
365-16-4334,2,1,2,2,3,3,26.43,8,10.572,222.012,2019-2-24 14:26:00,211.44,10.572,8.9
503-21-4385,2,1,1,1,4,3,39.91,3,59.865,1257.165,2019-2-21 12:40:00,119.73,59.865,9.3
305-89-2768,2,1,1,2,5,3,21.9,3,3.285,68.985,2019-9-1 18:43:00,65.7,3.285,4.7
574-80-1489,2,1,1,2,3,3,62.85,4,12.57,263.97,2019-2-25 13:22:00,251.4,12.57,8.7
784-08-0310,3,2,1,2,3,1,21.04,4,4.208,88.368,2019-1-13 13:58:00,84.16,4.208,7.6
200-40-6154,2,1,1,1,5,1,65.91,6,19.773,415.233,2019-9-2 11:45:00,395.46,19.773,5.7
846-10-0341,1,3,2,2,2,1,42.57,7,148.995,3128.895,2019-6-1 11:51:00,297.99,148.995,6.8
577-34-7579,3,2,1,1,3,1,50.49,9,227.205,4771.305,2019-10-1 17:16:00,454.41,227.205,5.4
430-02-3888,2,1,2,1,1,1,46.02,6,13.806,289.926,2019-7-2 15:55:00,276.12,13.806,7.1
867-47-1948,3,2,2,2,5,1,15.8,10,7.9,165.9,2019-9-1 12:07:00,158.0,7.9,7.8
384-59-6655,1,3,1,2,3,1,98.66,9,44.397,932.337,2019-2-19 15:07:00,887.94,44.397,8.4
256-58-3609,3,2,1,1,2,1,91.98,1,4.599,96.579,2019-3-18 15:29:00,91.98,4.599,9.8
324-92-3863,1,3,1,1,1,1,20.89,2,2.089,43.869,2019-5-2 18:45:00,41.78,2.089,9.8
593-08-5916,1,3,2,2,2,2,15.5,1,0.775,16.275,2019-3-19 15:23:00,15.5,0.775,7.4
364-34-2972,3,2,1,1,1,1,96.82,3,14.523,304.983,2019-3-30 20:37:00,290.46,14.523,6.7
794-42-3736,2,1,2,1,3,2,33.33,2,3.333,69.993,2019-1-26 14:41:00,66.66,3.333,6.4
172-42-8274,2,1,2,2,1,2,38.27,2,3.827,80.367,2019-2-3 18:18:00,76.54,3.827,5.8
558-60-5016,1,3,2,2,5,3,33.3,9,14.985,314.685,2019-4-3 15:27:00,299.7,14.985,7.2
195-06-0432,1,3,1,1,5,2,81.01,3,121.515,2551.815,2019-1-13 12:55:00,243.03,121.515,9.3
605-03-2706,1,3,2,2,4,1,15.8,3,2.37,49.77,2019-3-25 18:02:00,47.4,2.37,9.5
214-30-2776,2,1,1,2,1,2,34.49,5,86.225,1810.725,2019-11-3 19:44:00,172.45,86.225,9.0
746-04-1077,2,1,1,2,3,2,84.63,10,42.315,888.615,2019-1-1 11:36:00,846.3,42.315,9.0
448-34-8700,2,1,1,1,5,3,36.91,7,129.185,2712.885,2019-10-2 13:51:00,258.37,129.185,6.7
452-04-8808,2,1,2,1,1,1,87.08,7,30.478,640.038,2019-1-26 15:17:00,609.56,30.478,5.5
531-56-4728,1,3,2,1,5,1,80.08,3,12.012,252.252,2019-11-2 15:29:00,240.24,12.012,5.4
744-82-9138,3,2,2,1,2,1,86.13,2,8.613,180.873,2019-7-2 17:59:00,172.26,8.613,8.2
883-69-1285,2,1,1,1,2,2,49.92,2,4.992,104.832,2019-6-3 11:55:00,99.84,4.992,7.0
221-25-5073,1,3,2,2,3,1,74.66,4,14.932,313.572,2019-4-3 10:39:00,298.64,14.932,8.5
518-71-6847,2,1,1,1,3,3,26.6,6,7.98,167.58,2019-2-26 15:10:00,159.6,7.98,4.9
156-20-0370,2,1,2,2,1,2,25.45,1,12.725,267.225,2019-10-3 18:10:00,25.45,12.725,5.1
151-33-7434,2,1,2,2,3,2,67.77,1,33.885,711.585,2019-4-2 20:43:00,67.77,33.885,6.5
728-47-9078,3,2,1,1,3,1,59.59,4,11.918,250.278,2019-1-19 12:46:00,238.36,11.918,9.8
809-46-1866,1,3,2,1,4,1,58.15,4,11.63,244.23,2019-1-23 17:44:00,232.6,11.63,8.4
139-32-4183,1,3,1,2,6,3,97.48,9,43.866,921.186,2019-3-14 14:19:00,877.32,43.866,7.4
148-41-7930,3,2,2,1,4,1,99.96,7,34.986,734.706,2019-1-23 10:33:00,699.72,34.986,6.1
189-40-5216,3,2,2,1,1,1,96.37,7,337.295,7083.195,2019-9-1 11:40:00,674.59,337.295,6.0
374-38-5555,2,1,2,2,2,3,63.71,5,159.275,3344.775,2019-7-2 19:30:00,318.55,159.275,8.5
764-44-8999,2,1,2,2,4,3,14.76,2,1.476,30.996,2019-2-18 14:42:00,29.52,1.476,4.3
552-44-5977,2,1,1,1,4,2,62.0,8,24.8,520.8,2019-3-1 19:08:00,496.0,24.8,6.2
267-62-7380,3,2,1,1,1,3,82.34,10,41.17,864.57,2019-3-29 19:12:00,823.4,41.17,4.3
430-53-4718,2,1,1,1,4,2,75.37,8,30.148,633.108,2019-1-28 15:46:00,602.96,30.148,8.4
886-18-2897,1,3,2,2,3,2,56.56,5,14.14,296.94,2019-3-22 19:06:00,282.8,14.14,4.5
602-16-6955,2,1,2,2,6,3,76.6,10,38.3,804.3,2019-1-24 18:10:00,766.0,38.3,6.0
745-74-0715,1,3,2,1,1,3,58.03,2,5.803,121.863,2019-10-3 20:46:00,116.06,5.803,8.8
690-01-6631,2,1,2,1,2,3,17.49,10,8.745,183.645,2019-2-22 18:35:00,174.9,8.745,6.6
652-49-6720,3,2,1,2,1,3,60.95,1,30.475,639.975,2019-2-18 11:40:00,60.95,30.475,5.9
233-67-5758,3,2,2,1,4,3,40.35,1,20.175,423.675,2019-1-29 13:46:00,40.35,20.175,6.2
303-96-2227,2,1,2,2,5,3,97.38,10,48.69,1022.49,2019-2-3 17:16:00,973.8,48.69,4.4
727-02-1313,1,3,1,1,3,1,31.84,1,1.592,33.432,2019-9-2 13:22:00,31.84,1.592,7.7
347-56-2442,1,3,2,1,5,1,65.82,1,3.291,69.111,2019-2-22 15:33:00,65.82,3.291,4.1
849-09-3807,1,3,1,2,2,1,88.34,7,30.919,649.299,2019-2-18 13:28:00,618.38,30.919,6.6
